Grupo,test,Output
GrupoN,z00,timeout: failed to run command ./etapa3: No such file or directory
GrupoN,z01,timeout: failed to run command ./etapa3: No such file or directory
GrupoN,z02,timeout: failed to run command ./etapa3: No such file or directory
GrupoN,z03,timeout: failed to run command ./etapa3: No such file or directory
GrupoN,z04,timeout: failed to run command ./etapa3: No such file or directory
GrupoN,z05,timeout: failed to run command ./etapa3: No such file or directory
GrupoN,z06,timeout: failed to run command ./etapa3: No such file or directory
GrupoN,z07,timeout: failed to run command ./etapa3: No such file or directory
GrupoN,z08,timeout: failed to run command ./etapa3: No such file or directory
GrupoN,z09,timeout: failed to run command ./etapa3: No such file or directory
GrupoN,z10,timeout: failed to run command ./etapa3: No such file or directory
GrupoN,z11,timeout: failed to run command ./etapa3: No such file or directory
GrupoN,z12,timeout: failed to run command ./etapa3: No such file or directory
GrupoN,z13,timeout: failed to run command ./etapa3: No such file or directory
GrupoN,z14,timeout: failed to run command ./etapa3: No such file or directory
GrupoN,z15,timeout: failed to run command ./etapa3: No such file or directory
GrupoN,z16,timeout: failed to run command ./etapa3: No such file or directory
GrupoN,z17,timeout: failed to run command ./etapa3: No such file or directory
GrupoN,z18,timeout: failed to run command ./etapa3: No such file or directory
GrupoN,z19,timeout: failed to run command ./etapa3: No such file or directory
GrupoN,z20,timeout: failed to run command ./etapa3: No such file or directory
GrupoN,z21,timeout: failed to run command ./etapa3: No such file or directory
GrupoN,z22,timeout: failed to run command ./etapa3: No such file or directory
GrupoN,z23,timeout: failed to run command ./etapa3: No such file or directory
GrupoN,z24,timeout: failed to run command ./etapa3: No such file or directory
GrupoN,z25,timeout: failed to run command ./etapa3: No such file or directory
GrupoN,z26,timeout: failed to run command ./etapa3: No such file or directory
GrupoN,z27,timeout: failed to run command ./etapa3: No such file or directory
GrupoN,z28,timeout: failed to run command ./etapa3: No such file or directory
GrupoN,z29,timeout: failed to run command ./etapa3: No such file or directory
GrupoN,z30,timeout: failed to run command ./etapa3: No such file or directory
GrupoN,z31,timeout: failed to run command ./etapa3: No such file or directory
GrupoN,z32,timeout: failed to run command ./etapa3: No such file or directory
GrupoN,z33,timeout: failed to run command ./etapa3: No such file or directory
GrupoN,z34,timeout: failed to run command ./etapa3: No such file or directory
GrupoN,z35,timeout: failed to run command ./etapa3: No such file or directory
GrupoN,z36,timeout: failed to run command ./etapa3: No such file or directory
GrupoN,z37,timeout: failed to run command ./etapa3: No such file or directory
GrupoN,z38,timeout: failed to run command ./etapa3: No such file or directory
GrupoN,z39,timeout: failed to run command ./etapa3: No such file or directory
GrupoN,z40,timeout: failed to run command ./etapa3: No such file or directory
GrupoN,z41,timeout: failed to run command ./etapa3: No such file or directory
GrupoN,z42,timeout: failed to run command ./etapa3: No such file or directory
GrupoN,z43,timeout: failed to run command ./etapa3: No such file or directory
GrupoN,z44,timeout: failed to run command ./etapa3: No such file or directory
GrupoN,z45,timeout: failed to run command ./etapa3: No such file or directory
GrupoN,z46,timeout: failed to run command ./etapa3: No such file or directory
GrupoN,z48,timeout: failed to run command ./etapa3: No such file or directory
GrupoN,z49,timeout: failed to run command ./etapa3: No such file or directory
GrupoN,z50,timeout: failed to run command ./etapa3: No such file or directory
GrupoN,z51,timeout: failed to run command ./etapa3: No such file or directory
GrupoN,z52,timeout: failed to run command ./etapa3: No such file or directory
GrupoN,z53,timeout: failed to run command ./etapa3: No such file or directory
GrupoN,z54,timeout: failed to run command ./etapa3: No such file or directory
GrupoN,z55,timeout: failed to run command ./etapa3: No such file or directory
GrupoN,z56,timeout: failed to run command ./etapa3: No such file or directory
GrupoN,z57,timeout: failed to run command ./etapa3: No such file or directory
GrupoN,z58,timeout: failed to run command ./etapa3: No such file or directory
GrupoN,z59,timeout: failed to run command ./etapa3: No such file or directory
