Grupo,Test,Alpha,Beta,Gamma,Expected,Correct
GrupoA,kwj00,0,2,0,2,TRUE
GrupoA,kwj01,0,13,0,13,TRUE
GrupoA,kwj02,0,13,0,13,TRUE
GrupoA,kwj03,0,13,0,13,TRUE
GrupoA,kwj04,0,31,0,31,TRUE
GrupoA,kwj05,0,16,0,16,TRUE
GrupoA,kwj06,0,12,0,12,TRUE
GrupoA,kwj07,0,108,0,108,TRUE
GrupoA,kwj08,0,55,0,55,TRUE
GrupoA,kwj09,0,46,0,46,TRUE
GrupoA,kwj10,0,44,0,44,TRUE
GrupoA,kwj11,0,32,0,32,TRUE
GrupoA,kwj12,0,20,0,20,TRUE
GrupoA,kwj13,0,2,0,2,TRUE
GrupoA,kwj14,0,11,0,11,TRUE
GrupoA,kwj15,0,3,0,3,TRUE
GrupoA,kwj16,0,3,0,3,TRUE
GrupoA,kwj17,0,5,0,5,TRUE
GrupoA,kwj18,0,5,0,5,TRUE
GrupoA,kwj19,0,2,0,2,TRUE
GrupoA,kwj20,0,4,0,4,TRUE
GrupoA,kwj21,0,4,0,4,TRUE
GrupoA,kwj22,0,3,0,3,TRUE
GrupoC,kwj00,0,2,0,2,TRUE
GrupoC,kwj01,0,13,0,13,TRUE
GrupoC,kwj02,0,13,0,13,TRUE
GrupoC,kwj03,0,13,0,13,TRUE
GrupoC,kwj04,0,31,0,31,TRUE
GrupoC,kwj05,0,16,0,16,TRUE
GrupoC,kwj06,0,12,0,12,TRUE
GrupoC,kwj07,0,108,0,108,TRUE
GrupoC,kwj08,0,55,0,55,TRUE
GrupoC,kwj09,0,46,0,46,TRUE
GrupoC,kwj10,0,200,0,44,FALSE
GrupoC,kwj11,0,0,0,32,FALSE
GrupoC,kwj12,0,22,0,20,FALSE
GrupoC,kwj13,0,2,0,2,TRUE
GrupoC,kwj14,0,11,0,11,TRUE
GrupoC,kwj15,0,3,0,3,TRUE
GrupoC,kwj16,0,3,0,3,TRUE
GrupoC,kwj17,1,5,0,5,FALSE
GrupoC,kwj18,0,5,0,5,TRUE
GrupoC,kwj19,0,2,0,2,TRUE
GrupoC,kwj20,0,4,0,4,TRUE
GrupoC,kwj21,0,4,0,4,TRUE
GrupoC,kwj22,0,3,0,3,TRUE
GrupoE,kwj00,0,2,0,2,TRUE
GrupoE,kwj01,0,13,0,13,TRUE
GrupoE,kwj02,0,13,0,13,TRUE
GrupoE,kwj03,0,13,0,13,TRUE
GrupoE,kwj04,0,31,0,31,TRUE
GrupoE,kwj05,0,16,0,16,TRUE
GrupoE,kwj06,0,12,0,12,TRUE
GrupoE,kwj07,0,108,0,108,TRUE
GrupoE,kwj08,0,55,0,55,TRUE
GrupoE,kwj09,0,46,0,46,TRUE
GrupoE,kwj10,0,44,0,44,TRUE
GrupoE,kwj11,0,32,0,32,TRUE
GrupoE,kwj12,0,20,0,20,TRUE
GrupoE,kwj13,0,2,0,2,TRUE
GrupoE,kwj14,0,11,0,11,TRUE
GrupoE,kwj15,0,3,0,3,TRUE
GrupoE,kwj16,0,3,0,3,TRUE
GrupoE,kwj17,0,5,0,5,TRUE
GrupoE,kwj18,0,5,0,5,TRUE
GrupoE,kwj19,0,2,0,2,TRUE
GrupoE,kwj20,0,4,0,4,TRUE
GrupoE,kwj21,0,4,0,4,TRUE
GrupoE,kwj22,0,3,0,3,TRUE
GrupoF,kwj00,0,2,0,2,TRUE
GrupoF,kwj01,0,132,0,13,FALSE
GrupoF,kwj02,0,132,0,13,FALSE
GrupoF,kwj03,0,132,0,13,FALSE
GrupoF,kwj04,0,132,0,31,FALSE
GrupoF,kwj05,0,132,0,16,FALSE
GrupoF,kwj06,0,132,0,12,FALSE
GrupoF,kwj07,0,132,0,108,FALSE
GrupoF,kwj08,0,132,0,55,FALSE
GrupoF,kwj09,0,132,0,46,FALSE
GrupoF,kwj10,0,132,0,44,FALSE
GrupoF,kwj11,0,132,0,32,FALSE
GrupoF,kwj12,0,132,0,20,FALSE
GrupoF,kwj13,0,2,0,2,TRUE
GrupoF,kwj14,0,11,0,11,TRUE
GrupoF,kwj15,0,132,0,3,FALSE
GrupoF,kwj16,0,132,0,3,FALSE
GrupoF,kwj17,0,132,0,5,FALSE
GrupoF,kwj18,0,132,0,5,FALSE
GrupoF,kwj19,0,132,0,2,FALSE
GrupoF,kwj20,0,132,0,4,FALSE
GrupoF,kwj21,0,132,0,4,FALSE
GrupoF,kwj22,0,132,0,3,FALSE
GrupoG,kwj00,0,2,0,2,TRUE
GrupoG,kwj01,0,13,0,13,TRUE
GrupoG,kwj02,0,13,0,13,TRUE
GrupoG,kwj03,0,13,0,13,TRUE
GrupoG,kwj04,0,31,0,31,TRUE
GrupoG,kwj05,0,16,0,16,TRUE
GrupoG,kwj06,0,12,0,12,TRUE
GrupoG,kwj07,0,108,0,108,TRUE
GrupoG,kwj08,0,55,0,55,TRUE
GrupoG,kwj09,0,46,0,46,TRUE
GrupoG,kwj10,0,44,0,44,TRUE
GrupoG,kwj11,0,32,0,32,TRUE
GrupoG,kwj12,0,20,0,20,TRUE
GrupoG,kwj13,0,2,0,2,TRUE
GrupoG,kwj14,0,11,0,11,TRUE
GrupoG,kwj15,0,3,0,3,TRUE
GrupoG,kwj16,0,3,0,3,TRUE
GrupoG,kwj17,0,5,0,5,TRUE
GrupoG,kwj18,0,5,0,5,TRUE
GrupoG,kwj19,0,2,0,2,TRUE
GrupoG,kwj20,0,4,0,4,TRUE
GrupoG,kwj21,0,4,0,4,TRUE
GrupoG,kwj22,0,3,0,3,TRUE
GrupoH,kwj00,0,2,0,2,TRUE
GrupoH,kwj01,0,13,0,13,TRUE
GrupoH,kwj02,0,13,0,13,TRUE
GrupoH,kwj03,0,13,0,13,TRUE
GrupoH,kwj04,0,31,0,31,TRUE
GrupoH,kwj05,0,16,0,16,TRUE
GrupoH,kwj06,0,12,0,12,TRUE
GrupoH,kwj07,0,108,0,108,TRUE
GrupoH,kwj08,0,55,0,55,TRUE
GrupoH,kwj09,0,46,0,46,TRUE
GrupoH,kwj10,0,136,0,44,FALSE
GrupoH,kwj11,0,136,0,32,FALSE
GrupoH,kwj12,0,136,0,20,FALSE
GrupoH,kwj13,0,2,0,2,TRUE
GrupoH,kwj14,0,11,0,11,TRUE
GrupoH,kwj15,0,3,0,3,TRUE
GrupoH,kwj16,0,3,0,3,TRUE
GrupoH,kwj17,0,5,0,5,TRUE
GrupoH,kwj18,0,5,0,5,TRUE
GrupoH,kwj19,0,2,0,2,TRUE
GrupoH,kwj20,0,4,0,4,TRUE
GrupoH,kwj21,0,4,0,4,TRUE
GrupoH,kwj22,0,3,0,3,TRUE
GrupoJ,kwj00,0,2,0,2,TRUE
GrupoJ,kwj01,0,13,0,13,TRUE
GrupoJ,kwj02,0,13,0,13,TRUE
GrupoJ,kwj03,0,13,0,13,TRUE
GrupoJ,kwj04,0,31,0,31,TRUE
GrupoJ,kwj05,0,16,0,16,TRUE
GrupoJ,kwj06,0,12,0,12,TRUE
GrupoJ,kwj07,0,108,0,108,TRUE
GrupoJ,kwj08,0,55,0,55,TRUE
GrupoJ,kwj09,0,46,0,46,TRUE
GrupoJ,kwj10,0,44,0,44,TRUE
GrupoJ,kwj11,0,32,0,32,TRUE
GrupoJ,kwj12,0,20,0,20,TRUE
GrupoJ,kwj13,0,2,0,2,TRUE
GrupoJ,kwj14,0,11,0,11,TRUE
GrupoJ,kwj15,0,3,0,3,TRUE
GrupoJ,kwj16,0,3,0,3,TRUE
GrupoJ,kwj17,0,5,0,5,TRUE
GrupoJ,kwj18,0,5,0,5,TRUE
GrupoJ,kwj19,0,2,0,2,TRUE
GrupoJ,kwj20,0,4,0,4,TRUE
GrupoJ,kwj21,0,4,0,4,TRUE
GrupoJ,kwj22,0,3,0,3,TRUE
GrupoK,kwj00,0,2,0,2,TRUE
GrupoK,kwj01,0,13,0,13,TRUE
GrupoK,kwj02,0,13,0,13,TRUE
GrupoK,kwj03,0,13,0,13,TRUE
GrupoK,kwj04,0,31,0,31,TRUE
GrupoK,kwj05,0,16,0,16,TRUE
GrupoK,kwj06,0,136,0,12,FALSE
GrupoK,kwj07,0,108,0,108,TRUE
GrupoK,kwj08,0,136,0,55,FALSE
GrupoK,kwj09,0,27,0,46,FALSE
GrupoK,kwj10,0,136,0,44,FALSE
GrupoK,kwj11,0,136,0,32,FALSE
GrupoK,kwj12,0,136,0,20,FALSE
GrupoK,kwj13,0,2,0,2,TRUE
GrupoK,kwj14,0,11,0,11,TRUE
GrupoK,kwj15,0,3,0,3,TRUE
GrupoK,kwj16,0,3,0,3,TRUE
GrupoK,kwj17,0,5,0,5,TRUE
GrupoK,kwj18,0,5,0,5,TRUE
GrupoK,kwj19,0,2,0,2,TRUE
GrupoK,kwj20,0,4,0,4,TRUE
GrupoK,kwj21,0,4,0,4,TRUE
GrupoK,kwj22,0,3,0,3,TRUE
GrupoL,kwj00,139,127,1,2,FALSE
GrupoL,kwj01,139,127,1,13,FALSE
GrupoL,kwj02,139,127,1,13,FALSE
GrupoL,kwj03,139,127,1,13,FALSE
GrupoL,kwj04,139,127,1,31,FALSE
GrupoL,kwj05,139,127,1,16,FALSE
GrupoL,kwj06,139,127,1,12,FALSE
GrupoL,kwj07,139,127,1,108,FALSE
GrupoL,kwj08,139,127,1,55,FALSE
GrupoL,kwj09,139,127,1,46,FALSE
GrupoL,kwj10,139,127,1,44,FALSE
GrupoL,kwj11,139,127,1,32,FALSE
GrupoL,kwj12,139,127,1,20,FALSE
GrupoL,kwj13,139,127,1,2,FALSE
GrupoL,kwj14,139,127,1,11,FALSE
GrupoL,kwj15,139,127,1,3,FALSE
GrupoL,kwj16,139,127,1,3,FALSE
GrupoL,kwj17,139,127,1,5,FALSE
GrupoL,kwj18,139,127,1,5,FALSE
GrupoL,kwj19,139,127,1,2,FALSE
GrupoL,kwj20,139,127,1,4,FALSE
GrupoL,kwj21,139,127,1,4,FALSE
GrupoL,kwj22,139,127,1,3,FALSE
GrupoM,kwj00,0,2,0,2,TRUE
GrupoM,kwj01,0,13,0,13,TRUE
GrupoM,kwj02,0,13,0,13,TRUE
GrupoM,kwj03,0,13,0,13,TRUE
GrupoM,kwj04,0,31,0,31,TRUE
GrupoM,kwj05,0,16,0,16,TRUE
GrupoM,kwj06,0,12,0,12,TRUE
GrupoM,kwj07,0,108,0,108,TRUE
GrupoM,kwj08,0,55,0,55,TRUE
GrupoM,kwj09,0,46,0,46,TRUE
GrupoM,kwj10,0,44,0,44,TRUE
GrupoM,kwj11,0,32,0,32,TRUE
GrupoM,kwj12,0,20,0,20,TRUE
GrupoM,kwj13,0,2,0,2,TRUE
GrupoM,kwj14,0,11,0,11,TRUE
GrupoM,kwj15,0,3,0,3,TRUE
GrupoM,kwj16,0,3,0,3,TRUE
GrupoM,kwj17,0,5,0,5,TRUE
GrupoM,kwj18,0,5,0,5,TRUE
GrupoM,kwj19,0,2,0,2,TRUE
GrupoM,kwj20,0,4,0,4,TRUE
GrupoM,kwj21,0,4,0,4,TRUE
GrupoM,kwj22,0,3,0,3,TRUE
GrupoO,kwj00,0,2,0,2,TRUE
GrupoO,kwj01,0,13,0,13,TRUE
GrupoO,kwj02,0,13,0,13,TRUE
GrupoO,kwj03,0,13,0,13,TRUE
GrupoO,kwj04,0,31,0,31,TRUE
GrupoO,kwj05,0,16,0,16,TRUE
GrupoO,kwj06,0,12,0,12,TRUE
GrupoO,kwj07,0,108,0,108,TRUE
GrupoO,kwj08,0,55,0,55,TRUE
GrupoO,kwj09,0,46,0,46,TRUE
GrupoO,kwj10,0,44,0,44,TRUE
GrupoO,kwj11,0,32,0,32,TRUE
GrupoO,kwj12,0,20,0,20,TRUE
GrupoO,kwj13,0,2,0,2,TRUE
GrupoO,kwj14,0,11,0,11,TRUE
GrupoO,kwj15,0,1,0,3,FALSE
GrupoO,kwj16,0,3,0,3,TRUE
GrupoO,kwj17,0,0,0,5,FALSE
GrupoO,kwj18,0,1,0,5,FALSE
GrupoO,kwj19,0,2,0,2,TRUE
GrupoO,kwj20,0,0,0,4,FALSE
GrupoO,kwj21,0,4,0,4,TRUE
GrupoO,kwj22,0,3,0,3,TRUE
GrupoP,kwj00,0,139,0,2,FALSE
GrupoP,kwj01,0,139,0,13,FALSE
GrupoP,kwj02,0,139,0,13,FALSE
GrupoP,kwj03,0,139,0,13,FALSE
GrupoP,kwj04,0,139,0,31,FALSE
GrupoP,kwj05,0,139,0,16,FALSE
GrupoP,kwj06,0,139,0,12,FALSE
GrupoP,kwj07,0,139,0,108,FALSE
GrupoP,kwj08,0,139,0,55,FALSE
GrupoP,kwj09,0,139,0,46,FALSE
GrupoP,kwj10,0,139,0,44,FALSE
GrupoP,kwj11,0,139,0,32,FALSE
GrupoP,kwj12,0,139,0,20,FALSE
GrupoP,kwj13,0,139,0,2,FALSE
GrupoP,kwj14,0,139,0,11,FALSE
GrupoP,kwj15,0,139,0,3,FALSE
GrupoP,kwj16,0,139,0,3,FALSE
GrupoP,kwj17,0,139,0,5,FALSE
GrupoP,kwj18,0,139,0,5,FALSE
GrupoP,kwj19,0,139,0,2,FALSE
GrupoP,kwj20,0,139,0,4,FALSE
GrupoP,kwj21,0,139,0,4,FALSE
GrupoP,kwj22,0,139,0,3,FALSE
GrupoR,kwj00,0,2,0,2,TRUE
GrupoR,kwj01,0,13,0,13,TRUE
GrupoR,kwj02,0,13,0,13,TRUE
GrupoR,kwj03,0,13,0,13,TRUE
GrupoR,kwj04,0,31,0,31,TRUE
GrupoR,kwj05,0,127,1,16,FALSE
GrupoR,kwj06,0,127,1,12,FALSE
GrupoR,kwj07,0,127,1,108,FALSE
GrupoR,kwj08,0,55,0,55,TRUE
GrupoR,kwj09,0,46,0,46,TRUE
GrupoR,kwj10,0,44,0,44,TRUE
GrupoR,kwj11,0,32,0,32,TRUE
GrupoR,kwj12,0,20,0,20,TRUE
GrupoR,kwj13,0,2,0,2,TRUE
GrupoR,kwj14,0,11,0,11,TRUE
GrupoR,kwj15,0,127,1,3,FALSE
GrupoR,kwj16,0,3,0,3,TRUE
GrupoR,kwj17,0,127,1,5,FALSE
GrupoR,kwj18,0,127,1,5,FALSE
GrupoR,kwj19,0,127,1,2,FALSE
GrupoR,kwj20,0,127,1,4,FALSE
GrupoR,kwj21,0,3,0,4,FALSE
GrupoR,kwj22,0,127,1,3,FALSE
GrupoS,kwj00,0,2,0,2,TRUE
GrupoS,kwj01,0,13,0,13,TRUE
GrupoS,kwj02,0,13,0,13,TRUE
GrupoS,kwj03,0,13,0,13,TRUE
GrupoS,kwj04,0,31,0,31,TRUE
GrupoS,kwj05,0,16,0,16,TRUE
GrupoS,kwj06,0,12,0,12,TRUE
GrupoS,kwj07,0,108,0,108,TRUE
GrupoS,kwj08,0,55,0,55,TRUE
GrupoS,kwj09,0,46,0,46,TRUE
GrupoS,kwj10,0,44,0,44,TRUE
GrupoS,kwj11,0,32,0,32,TRUE
GrupoS,kwj12,0,20,0,20,TRUE
GrupoS,kwj13,0,2,0,2,TRUE
GrupoS,kwj14,0,11,0,11,TRUE
GrupoS,kwj15,0,3,0,3,TRUE
GrupoS,kwj16,0,3,0,3,TRUE
GrupoS,kwj17,0,5,0,5,TRUE
GrupoS,kwj18,0,5,0,5,TRUE
GrupoS,kwj19,0,2,0,2,TRUE
GrupoS,kwj20,0,4,0,4,TRUE
GrupoS,kwj21,0,4,0,4,TRUE
GrupoS,kwj22,0,2,0,3,FALSE
