Group,Test,Value,Type,Stack,Data,Address.cor,Address.mem,STACK
GrupoA,abc00,98,Stack,120484,60242,120484,120487,TRUE
GrupoA,abc00,456,Stack,120484,60242,120484,120486,TRUE
GrupoA,abc01,-3,Stack,121926,60963,121926,121926,TRUE
GrupoA,abc01,432,Stack,121926,60963,121926,121927,TRUE
GrupoA,abc02,123,Stack,103529,51764,103529,103532,TRUE
GrupoA,abc02,357,Stack,103529,51764,103529,103531,TRUE
GrupoA,abc03,1,Stack,112823,56411,112823,112823,TRUE
GrupoA,abc03,393,Stack,112823,56411,112823,112824,TRUE
GrupoA,abc04,5,Stack,132626,66313,132626,132626,TRUE
GrupoA,abc04,615,Stack,132626,66313,132626,132628,TRUE
GrupoA,abc06,0,Stack,125814,62907,125814,125814,TRUE
GrupoA,abc06,1,Stack,125814,62907,125814,125815,TRUE
GrupoA,abc06,2,Stack,125814,62907,125814,125816,TRUE
GrupoA,abc06,3,Stack,125814,62907,125814,125817,TRUE
GrupoA,abc06,290,Stack,125814,62907,125814,125818,TRUE
GrupoA,abc07,0,Stack,124065,62032,124065,124066,TRUE
GrupoA,abc07,1,Stack,124065,62032,124065,124065,TRUE
GrupoA,abc07,2,Stack,124065,62032,124065,124067,TRUE
GrupoA,abc07,3,Stack,124065,62032,124065,124068,TRUE
GrupoA,abc07,322,Stack,124065,62032,124065,124069,TRUE
GrupoA,ijk00,456,Stack,128514,64257,128514,128516,TRUE
GrupoA,ijk00,923,Stack,128514,64257,128514,128514,TRUE
GrupoA,ijk00,1379,Stack,128514,64257,128514,128515,TRUE
GrupoA,ijk01,456,Stack,127003,63501,127003,127006,TRUE
GrupoA,ijk01,467,Stack,127003,63501,127003,127007,TRUE
GrupoA,ijk01,923,Stack,127003,63501,127003,127003,TRUE
GrupoA,ijk02,20,Stack,124426,62213,124426,124427,TRUE
GrupoA,ijk02,30,Stack,124426,62213,124426,124428,TRUE
GrupoA,ijk02,600,Stack,124426,62213,124426,124426,TRUE
GrupoA,ijk03,3,Stack,127007,63503,127007,127010,TRUE
GrupoA,ijk03,4,Stack,127007,63503,127007,127009,TRUE
GrupoA,ijk03,12,Stack,127007,63503,127007,127008,TRUE
GrupoA,ijk04,30,Stack,100497,50248,100497,100497,TRUE
GrupoA,ijk04,46,Stack,100497,50248,100497,100498,TRUE
GrupoA,ijk04,76,Stack,100497,50248,100497,100499,TRUE
GrupoA,ijk05,-18,Stack,116527,58263,116527,116528,TRUE
GrupoA,ijk05,-2,Stack,116527,58263,116527,116527,TRUE
GrupoA,ijk05,16,Stack,116527,58263,116527,116529,TRUE
GrupoA,ijk06,5,Stack,121715,60857,121715,121716,TRUE
GrupoA,ijk06,12,Stack,121715,60857,121715,121717,TRUE
GrupoA,ijk06,25,Stack,121715,60857,121715,121715,TRUE
GrupoA,ijk07,45,Stack,109665,54832,109665,109665,TRUE
GrupoA,ijk07,135,Stack,109665,54832,109665,109666,TRUE
GrupoA,ijk07,6075,Stack,109665,54832,109665,109667,TRUE
GrupoA,ijk08,3,Stack,114638,57319,114638,114640,TRUE
GrupoA,ijk08,15,Stack,114638,57319,114638,114639,TRUE
GrupoA,ijk08,55,Stack,114638,57319,114638,114638,TRUE
GrupoA,ijk09,3,Stack,110640,55320,110640,110642,TRUE
GrupoA,ijk09,15,Stack,110640,55320,110640,110641,TRUE
GrupoA,ijk09,46,Stack,110640,55320,110640,110640,TRUE
GrupoA,ijk10,2,Stack,125251,62625,125251,125253,TRUE
GrupoA,ijk10,300,Stack,125251,62625,125251,125251,TRUE
GrupoA,ijk10,400,Stack,125251,62625,125251,125252,TRUE
GrupoA,ijk11,2,Stack,125548,62774,125548,125550,TRUE
GrupoA,ijk11,400,Stack,125548,62774,125548,125549,TRUE
GrupoA,ijk11,800,Stack,125548,62774,125548,125548,TRUE
GrupoA,ijk12,20,Stack,112489,56244,112489,112489,TRUE
GrupoA,ijk13,2,Stack,117523,58761,117523,117523,TRUE
GrupoA,ijk14,393,Stack,105164,52582,105164,105164,TRUE
GrupoA,ijk14,394,Stack,105164,52582,105164,105165,TRUE
GrupoA,ijk15,-393,Stack,100153,50076,100153,100153,TRUE
GrupoA,ijk15,393,Stack,100153,50076,100153,100154,TRUE
GrupoA,ijk16,0,Stack,125374,62687,125374,125375,TRUE
GrupoA,ijk16,1,Stack,125374,62687,125374,125374,TRUE
GrupoA,ijk17,0,Stack,111710,55855,111710,111710,TRUE
GrupoA,ijk17,1,Stack,111710,55855,111710,111711,TRUE
GrupoA,ijk17,109,Stack,111710,55855,111710,111712,TRUE
GrupoA,ijk18,1,Stack,113324,56662,113324,113324,TRUE
GrupoA,ijk18,2,Stack,113324,56662,113324,113325,TRUE
GrupoA,ijk18,109,Stack,113324,56662,113324,113326,TRUE
GrupoA,ijk19,1,Stack,117440,58720,117440,117440,TRUE
GrupoA,ijk19,4,Stack,117440,58720,117440,117442,TRUE
GrupoA,ijk19,109,Stack,117440,58720,117440,117441,TRUE
GrupoA,ijk20,1,Stack,121488,60744,121488,121488,TRUE
GrupoA,ijk20,5,Stack,121488,60744,121488,121490,TRUE
GrupoA,ijk20,109,Stack,121488,60744,121488,121489,TRUE
GrupoA,ijk21,0,Stack,100340,50170,100340,100340,TRUE
GrupoA,ijk21,5,Stack,100340,50170,100340,100343,TRUE
GrupoA,ijk21,108,Stack,100340,50170,100340,100342,TRUE
GrupoA,ijk21,109,Stack,100340,50170,100340,100341,TRUE
GrupoA,ijk22,1,Stack,127630,63815,127630,127630,TRUE
GrupoA,ijk22,6,Stack,127630,63815,127630,127633,TRUE
GrupoA,ijk22,108,Stack,127630,63815,127630,127632,TRUE
GrupoA,ijk22,109,Stack,127630,63815,127630,127631,TRUE
GrupoA,ijk23,0,Stack,130203,65101,130203,130203,TRUE
GrupoA,ijk23,5,Stack,130203,65101,130203,130206,TRUE
GrupoA,ijk23,109,Stack,130203,65101,130203,130204,TRUE
GrupoA,ijk24,1,Stack,132048,66024,132048,132048,TRUE
GrupoA,ijk24,6,Stack,132048,66024,132048,132051,TRUE
GrupoB,abc00,98,Stack,109099,54549,109099,109111,TRUE
GrupoB,abc00,456,Stack,109099,54549,109099,109107,TRUE
GrupoB,abc01,-3,Stack,131027,65513,131027,131027,TRUE
GrupoB,abc01,432,Stack,131027,65513,131027,131031,TRUE
GrupoB,abc02,123,Stack,113513,56756,113513,113525,TRUE
GrupoB,abc02,357,Stack,113513,56756,113513,113521,TRUE
GrupoB,abc03,1,Stack,116130,58065,116130,116130,TRUE
GrupoB,abc03,393,Stack,116130,58065,116130,116134,TRUE
GrupoB,abc04,5,Stack,102341,51170,102341,102341,TRUE
GrupoB,abc04,615,Stack,102341,51170,102341,102349,TRUE
GrupoB,abc06,0,Stack,105135,52567,105135,105135,TRUE
GrupoB,abc06,1,Stack,105135,52567,105135,105139,TRUE
GrupoB,abc06,2,Stack,105135,52567,105135,105143,TRUE
GrupoB,abc06,3,Stack,105135,52567,105135,105147,TRUE
GrupoB,abc06,290,Stack,105135,52567,105135,105151,TRUE
GrupoB,abc07,0,Stack,125822,62911,125822,125826,TRUE
GrupoB,abc07,1,Stack,125822,62911,125822,125822,TRUE
GrupoB,abc07,2,Stack,125822,62911,125822,125830,TRUE
GrupoB,abc07,3,Stack,125822,62911,125822,125834,TRUE
GrupoB,abc07,322,Stack,125822,62911,125822,125838,TRUE
GrupoB,ijk00,456,Stack,110512,55256,110512,110520,TRUE
GrupoB,ijk00,923,Stack,110512,55256,110512,110512,TRUE
GrupoB,ijk00,1379,Stack,110512,55256,110512,110516,TRUE
GrupoB,ijk01,456,Stack,102330,51165,102330,102342,TRUE
GrupoB,ijk01,467,Stack,102330,51165,102330,102346,TRUE
GrupoB,ijk01,923,Stack,102330,51165,102330,102330,TRUE
GrupoB,ijk02,20,Stack,120380,60190,120380,120384,TRUE
GrupoB,ijk02,30,Stack,120380,60190,120380,120388,TRUE
GrupoB,ijk02,600,Stack,120380,60190,120380,120380,TRUE
GrupoB,ijk03,3,Stack,105098,52549,105098,105110,TRUE
GrupoB,ijk03,4,Stack,105098,52549,105098,105106,TRUE
GrupoB,ijk03,12,Stack,105098,52549,105098,105102,TRUE
GrupoB,ijk04,30,Stack,101516,50758,101516,101516,TRUE
GrupoB,ijk04,46,Stack,101516,50758,101516,101520,TRUE
GrupoB,ijk04,76,Stack,101516,50758,101516,101524,TRUE
GrupoB,ijk05,-18,Stack,104735,52367,104735,104739,TRUE
GrupoB,ijk05,-2,Stack,104735,52367,104735,104735,TRUE
GrupoB,ijk05,16,Stack,104735,52367,104735,104743,TRUE
GrupoB,ijk06,5,Stack,104226,52113,104226,104230,TRUE
GrupoB,ijk06,12,Stack,104226,52113,104226,104234,TRUE
GrupoB,ijk06,25,Stack,104226,52113,104226,104226,TRUE
GrupoB,ijk07,45,Stack,129702,64851,129702,129702,TRUE
GrupoB,ijk07,135,Stack,129702,64851,129702,129706,TRUE
GrupoB,ijk07,6075,Stack,129702,64851,129702,129710,TRUE
GrupoB,ijk08,3,Stack,128868,64434,128868,128876,TRUE
GrupoB,ijk08,15,Stack,128868,64434,128868,128872,TRUE
GrupoB,ijk08,55,Stack,128868,64434,128868,128868,TRUE
GrupoB,ijk09,3,Stack,130365,65182,130365,130373,TRUE
GrupoB,ijk09,15,Stack,130365,65182,130365,130369,TRUE
GrupoB,ijk09,46,Stack,130365,65182,130365,130365,TRUE
GrupoB,ijk10,2,Stack,100945,50472,100945,100953,TRUE
GrupoB,ijk10,300,Stack,100945,50472,100945,100945,TRUE
GrupoB,ijk10,400,Stack,100945,50472,100945,100949,TRUE
GrupoB,ijk11,2,Stack,106406,53203,106406,106414,TRUE
GrupoB,ijk11,400,Stack,106406,53203,106406,106410,TRUE
GrupoB,ijk11,800,Stack,106406,53203,106406,106406,TRUE
GrupoB,ijk12,20,Stack,122072,61036,122072,122072,TRUE
GrupoB,ijk13,2,Stack,126622,63311,126622,126622,TRUE
GrupoB,ijk14,393,Stack,131433,65716,131433,131433,TRUE
GrupoB,ijk14,394,Stack,131433,65716,131433,131437,TRUE
GrupoB,ijk15,-393,Stack,131215,65607,131215,131215,TRUE
GrupoB,ijk15,393,Stack,131215,65607,131215,131219,TRUE
GrupoB,ijk16,0,Stack,126883,63441,126883,126887,TRUE
GrupoB,ijk16,1,Stack,126883,63441,126883,126883,TRUE
GrupoB,ijk17,0,Stack,100428,50214,100428,100428,TRUE
GrupoB,ijk17,1,Stack,100428,50214,100428,100432,TRUE
GrupoB,ijk17,109,Stack,100428,50214,100428,100436,TRUE
GrupoB,ijk18,1,Stack,117065,58532,117065,117065,TRUE
GrupoB,ijk18,2,Stack,117065,58532,117065,117069,TRUE
GrupoB,ijk18,109,Stack,117065,58532,117065,117073,TRUE
GrupoB,ijk19,1,Stack,126738,63369,126738,126738,TRUE
GrupoB,ijk19,4,Stack,126738,63369,126738,126746,TRUE
GrupoB,ijk19,109,Stack,126738,63369,126738,126742,TRUE
GrupoB,ijk20,1,Stack,127683,63841,127683,127683,TRUE
GrupoB,ijk20,5,Stack,127683,63841,127683,127691,TRUE
GrupoB,ijk20,109,Stack,127683,63841,127683,127687,TRUE
GrupoB,ijk21,0,Stack,117791,58895,117791,117791,TRUE
GrupoB,ijk21,5,Stack,117791,58895,117791,117803,TRUE
GrupoB,ijk21,108,Stack,117791,58895,117791,117799,TRUE
GrupoB,ijk21,109,Stack,117791,58895,117791,117795,TRUE
GrupoB,ijk22,1,Stack,127538,63769,127538,127538,TRUE
GrupoB,ijk22,6,Stack,127538,63769,127538,127550,TRUE
GrupoB,ijk22,108,Stack,127538,63769,127538,127546,TRUE
GrupoB,ijk22,109,Stack,127538,63769,127538,127542,TRUE
GrupoB,ijk23,0,Stack,131216,65608,131216,131216,TRUE
GrupoB,ijk23,5,Stack,131216,65608,131216,131228,TRUE
GrupoB,ijk23,109,Stack,131216,65608,131216,131220,TRUE
GrupoB,ijk24,1,Stack,131177,65588,131177,131177,TRUE
GrupoB,ijk24,6,Stack,131177,65588,131177,131189,TRUE
GrupoC,abc00,98,Stack,106294,53147,106294,106306,TRUE
GrupoC,abc00,456,Stack,106294,53147,106294,106302,TRUE
GrupoC,abc01,-3,Stack,111149,55574,111149,111149,TRUE
GrupoC,abc01,432,Stack,111149,55574,111149,111153,TRUE
GrupoC,abc02,123,Stack,114552,57276,114552,114564,TRUE
GrupoC,abc02,357,Stack,114552,57276,114552,114560,TRUE
GrupoC,abc03,1,Stack,120656,60328,120656,120656,TRUE
GrupoC,abc03,393,Stack,120656,60328,120656,120660,TRUE
GrupoC,abc04,5,Stack,131679,65839,131679,131679,TRUE
GrupoC,abc04,615,Stack,131679,65839,131679,131687,TRUE
GrupoC,abc06,0,Stack,124080,62040,124080,124080,TRUE
GrupoC,abc06,1,Stack,124080,62040,124080,124084,TRUE
GrupoC,abc06,2,Stack,124080,62040,124080,124088,TRUE
GrupoC,abc06,3,Stack,124080,62040,124080,124092,TRUE
GrupoC,abc06,290,Stack,124080,62040,124080,124096,TRUE
GrupoC,abc07,0,Stack,103286,51643,103286,103290,TRUE
GrupoC,abc07,1,Stack,103286,51643,103286,103286,TRUE
GrupoC,abc07,2,Stack,103286,51643,103286,103294,TRUE
GrupoC,abc07,3,Stack,103286,51643,103286,103298,TRUE
GrupoC,abc07,322,Stack,103286,51643,103286,103302,TRUE
GrupoC,ijk00,456,Stack,114242,57121,114242,114250,TRUE
GrupoC,ijk00,923,Stack,114242,57121,114242,114242,TRUE
GrupoC,ijk00,1379,Stack,114242,57121,114242,114246,TRUE
GrupoC,ijk01,456,Stack,114077,57038,114077,114089,TRUE
GrupoC,ijk01,467,Stack,114077,57038,114077,114093,TRUE
GrupoC,ijk01,923,Stack,114077,57038,114077,114077,TRUE
GrupoC,ijk02,20,Stack,118864,59432,118864,118868,TRUE
GrupoC,ijk02,30,Stack,118864,59432,118864,118872,TRUE
GrupoC,ijk02,600,Stack,118864,59432,118864,118864,TRUE
GrupoC,ijk03,3,Stack,117644,58822,117644,117656,TRUE
GrupoC,ijk03,4,Stack,117644,58822,117644,117652,TRUE
GrupoC,ijk03,12,Stack,117644,58822,117644,117648,TRUE
GrupoC,ijk04,30,Stack,119151,59575,119151,119151,TRUE
GrupoC,ijk04,46,Stack,119151,59575,119151,119155,TRUE
GrupoC,ijk04,76,Stack,119151,59575,119151,119159,TRUE
GrupoC,ijk05,-18,Stack,104258,52129,104258,104262,TRUE
GrupoC,ijk05,-2,Stack,104258,52129,104258,104258,TRUE
GrupoC,ijk05,16,Stack,104258,52129,104258,104266,TRUE
GrupoC,ijk06,5,Stack,114584,57292,114584,114588,TRUE
GrupoC,ijk06,12,Stack,114584,57292,114584,114592,TRUE
GrupoC,ijk06,25,Stack,114584,57292,114584,114584,TRUE
GrupoC,ijk07,45,Stack,124454,62227,124454,124454,TRUE
GrupoC,ijk07,135,Stack,124454,62227,124454,124458,TRUE
GrupoC,ijk07,6075,Stack,124454,62227,124454,124462,TRUE
GrupoC,ijk08,3,Stack,123591,61795,123591,123599,TRUE
GrupoC,ijk08,15,Stack,123591,61795,123591,123595,TRUE
GrupoC,ijk08,55,Stack,123591,61795,123591,123591,TRUE
GrupoC,ijk09,3,Stack,107457,53728,107457,107465,TRUE
GrupoC,ijk09,15,Stack,107457,53728,107457,107461,TRUE
GrupoC,ijk09,46,Stack,107457,53728,107457,107457,TRUE
GrupoC,ijk10,2,Stack,114006,57003,114006,114014,TRUE
GrupoC,ijk10,300,Stack,114006,57003,114006,114006,TRUE
GrupoC,ijk10,400,Stack,114006,57003,114006,114010,TRUE
GrupoC,ijk11,2,Stack,127193,63596,127193,127201,TRUE
GrupoC,ijk11,400,Stack,127193,63596,127193,127197,TRUE
GrupoC,ijk11,800,Stack,127193,63596,127193,127193,TRUE
GrupoC,ijk12,20,Stack,118355,59177,118355,118355,TRUE
GrupoC,ijk13,2,Stack,113144,56572,113144,113144,TRUE
GrupoC,ijk14,393,Stack,112948,56474,112948,112948,TRUE
GrupoC,ijk14,394,Stack,112948,56474,112948,112952,TRUE
GrupoC,ijk15,-393,Stack,105883,52941,105883,105883,TRUE
GrupoC,ijk15,393,Stack,105883,52941,105883,105887,TRUE
GrupoC,ijk16,0,Stack,130485,65242,130485,130489,TRUE
GrupoC,ijk16,1,Stack,130485,65242,130485,130485,TRUE
GrupoC,ijk17,0,Stack,127330,63665,127330,127330,TRUE
GrupoC,ijk17,1,Stack,127330,63665,127330,127334,TRUE
GrupoC,ijk17,109,Stack,127330,63665,127330,127338,TRUE
GrupoC,ijk18,1,Stack,122544,61272,122544,122544,TRUE
GrupoC,ijk18,2,Stack,122544,61272,122544,122548,TRUE
GrupoC,ijk18,109,Stack,122544,61272,122544,122552,TRUE
GrupoC,ijk19,1,Stack,101112,50556,101112,101112,TRUE
GrupoC,ijk19,4,Stack,101112,50556,101112,101120,TRUE
GrupoC,ijk19,109,Stack,101112,50556,101112,101116,TRUE
GrupoC,ijk20,1,Stack,128847,64423,128847,128847,TRUE
GrupoC,ijk20,5,Stack,128847,64423,128847,128855,TRUE
GrupoC,ijk20,109,Stack,128847,64423,128847,128851,TRUE
GrupoC,ijk21,0,Stack,115667,57833,115667,115667,TRUE
GrupoC,ijk21,5,Stack,115667,57833,115667,115679,TRUE
GrupoC,ijk21,108,Stack,115667,57833,115667,115675,TRUE
GrupoC,ijk21,109,Stack,115667,57833,115667,115671,TRUE
GrupoC,ijk22,1,Stack,109395,54697,109395,109395,TRUE
GrupoC,ijk22,6,Stack,109395,54697,109395,109407,TRUE
GrupoC,ijk22,108,Stack,109395,54697,109395,109403,TRUE
GrupoC,ijk22,109,Stack,109395,54697,109395,109399,TRUE
GrupoC,ijk23,0,Stack,128294,64147,128294,128294,TRUE
GrupoC,ijk23,5,Stack,128294,64147,128294,128306,TRUE
GrupoC,ijk23,109,Stack,128294,64147,128294,128298,TRUE
GrupoC,ijk24,1,Stack,114179,57089,114179,114179,TRUE
GrupoC,ijk24,6,Stack,114179,57089,114179,114191,TRUE
GrupoD,abc00,98,Stack,119064,59532,119064,119076,TRUE
GrupoD,abc00,456,Stack,119064,59532,119064,119072,TRUE
GrupoD,abc01,-3,Stack,127476,63738,127476,127476,TRUE
GrupoD,abc01,432,Stack,127476,63738,127476,127480,TRUE
GrupoD,abc02,123,Stack,102051,51025,102051,102063,TRUE
GrupoD,abc02,357,Stack,102051,51025,102051,102059,TRUE
GrupoD,abc03,1,Stack,103317,51658,103317,103317,TRUE
GrupoD,abc03,393,Stack,103317,51658,103317,103321,TRUE
GrupoD,abc04,5,Stack,125590,62795,125590,125590,TRUE
GrupoD,abc04,615,Stack,125590,62795,125590,125598,TRUE
GrupoD,abc06,0,Stack,108459,54229,108459,108459,TRUE
GrupoD,abc06,1,Stack,108459,54229,108459,108463,TRUE
GrupoD,abc06,2,Stack,108459,54229,108459,108467,TRUE
GrupoD,abc06,3,Stack,108459,54229,108459,108471,TRUE
GrupoD,abc06,290,Stack,108459,54229,108459,108475,TRUE
GrupoD,abc07,0,Stack,128931,64465,128931,128935,TRUE
GrupoD,abc07,1,Stack,128931,64465,128931,128931,TRUE
GrupoD,abc07,2,Stack,128931,64465,128931,128939,TRUE
GrupoD,abc07,3,Stack,128931,64465,128931,128943,TRUE
GrupoD,abc07,322,Stack,128931,64465,128931,128947,TRUE
GrupoD,ijk00,456,Stack,103204,51602,103204,103212,TRUE
GrupoD,ijk00,923,Stack,103204,51602,103204,103204,TRUE
GrupoD,ijk00,1379,Stack,103204,51602,103204,103208,TRUE
GrupoD,ijk01,456,Stack,105537,52768,105537,105549,TRUE
GrupoD,ijk01,467,Stack,105537,52768,105537,105553,TRUE
GrupoD,ijk01,923,Stack,105537,52768,105537,105537,TRUE
GrupoD,ijk02,20,Stack,122474,61237,122474,122478,TRUE
GrupoD,ijk02,30,Stack,122474,61237,122474,122482,TRUE
GrupoD,ijk02,600,Stack,122474,61237,122474,122474,TRUE
GrupoD,ijk03,3,Stack,122335,61167,122335,122347,TRUE
GrupoD,ijk03,4,Stack,122335,61167,122335,122343,TRUE
GrupoD,ijk03,12,Stack,122335,61167,122335,122339,TRUE
GrupoD,ijk04,30,Stack,120155,60077,120155,120155,TRUE
GrupoD,ijk04,46,Stack,120155,60077,120155,120159,TRUE
GrupoD,ijk04,76,Stack,120155,60077,120155,120163,TRUE
GrupoD,ijk05,-18,Stack,116978,58489,116978,116982,TRUE
GrupoD,ijk05,-2,Stack,116978,58489,116978,116978,TRUE
GrupoD,ijk05,16,Stack,116978,58489,116978,116986,TRUE
GrupoD,ijk06,5,Stack,118297,59148,118297,118301,TRUE
GrupoD,ijk06,12,Stack,118297,59148,118297,118305,TRUE
GrupoD,ijk06,25,Stack,118297,59148,118297,118297,TRUE
GrupoD,ijk07,45,Stack,114800,57400,114800,114800,TRUE
GrupoD,ijk07,135,Stack,114800,57400,114800,114804,TRUE
GrupoD,ijk07,6075,Stack,114800,57400,114800,114808,TRUE
GrupoD,ijk08,3,Stack,124076,62038,124076,124084,TRUE
GrupoD,ijk08,15,Stack,124076,62038,124076,124080,TRUE
GrupoD,ijk08,55,Stack,124076,62038,124076,124076,TRUE
GrupoD,ijk09,3,Stack,108911,54455,108911,108919,TRUE
GrupoD,ijk09,15,Stack,108911,54455,108911,108915,TRUE
GrupoD,ijk09,46,Stack,108911,54455,108911,108911,TRUE
GrupoD,ijk10,2,Stack,132134,66067,132134,132142,TRUE
GrupoD,ijk10,300,Stack,132134,66067,132134,132134,TRUE
GrupoD,ijk10,400,Stack,132134,66067,132134,132138,TRUE
GrupoD,ijk11,2,Stack,128324,64162,128324,128332,TRUE
GrupoD,ijk11,400,Stack,128324,64162,128324,128328,TRUE
GrupoD,ijk11,800,Stack,128324,64162,128324,128324,TRUE
GrupoD,ijk12,20,Stack,100291,50145,100291,100291,TRUE
GrupoD,ijk13,2,Stack,111756,55878,111756,111756,TRUE
GrupoD,ijk14,393,Stack,115493,57746,115493,115493,TRUE
GrupoD,ijk14,394,Stack,115493,57746,115493,115497,TRUE
GrupoD,ijk15,-393,Stack,110657,55328,110657,110657,TRUE
GrupoD,ijk15,393,Stack,110657,55328,110657,110661,TRUE
GrupoD,ijk16,0,Stack,119929,59964,119929,119933,TRUE
GrupoD,ijk16,1,Stack,119929,59964,119929,119929,TRUE
GrupoD,ijk17,0,Stack,124219,62109,124219,124219,TRUE
GrupoD,ijk17,1,Stack,124219,62109,124219,124223,TRUE
GrupoD,ijk17,109,Stack,124219,62109,124219,124227,TRUE
GrupoD,ijk18,1,Stack,117068,58534,117068,117068,TRUE
GrupoD,ijk18,2,Stack,117068,58534,117068,117072,TRUE
GrupoD,ijk18,109,Stack,117068,58534,117068,117076,TRUE
GrupoD,ijk19,1,Stack,106910,53455,106910,106910,TRUE
GrupoD,ijk19,4,Stack,106910,53455,106910,106918,TRUE
GrupoD,ijk19,109,Stack,106910,53455,106910,106914,TRUE
GrupoD,ijk20,1,Stack,128936,64468,128936,128936,TRUE
GrupoD,ijk20,5,Stack,128936,64468,128936,128944,TRUE
GrupoD,ijk20,109,Stack,128936,64468,128936,128940,TRUE
GrupoD,ijk21,0,Stack,121747,60873,121747,121747,TRUE
GrupoD,ijk21,5,Stack,121747,60873,121747,121759,TRUE
GrupoD,ijk21,108,Stack,121747,60873,121747,121755,TRUE
GrupoD,ijk21,109,Stack,121747,60873,121747,121751,TRUE
GrupoD,ijk22,1,Stack,110817,55408,110817,110817,TRUE
GrupoD,ijk22,6,Stack,110817,55408,110817,110829,TRUE
GrupoD,ijk22,108,Stack,110817,55408,110817,110825,TRUE
GrupoD,ijk22,109,Stack,110817,55408,110817,110821,TRUE
GrupoD,ijk23,0,Stack,107174,53587,107174,107174,TRUE
GrupoD,ijk23,5,Stack,107174,53587,107174,107186,TRUE
GrupoD,ijk23,109,Stack,107174,53587,107174,107178,TRUE
GrupoD,ijk24,1,Stack,132578,66289,132578,132578,TRUE
GrupoD,ijk24,6,Stack,132578,66289,132578,132590,TRUE
GrupoE,abc00,98,Stack,113060,56530,113060,113072,TRUE
GrupoE,abc00,456,Stack,113060,56530,113060,113068,TRUE
GrupoE,abc01,-3,Stack,123643,61821,123643,123643,TRUE
GrupoE,abc01,432,Stack,123643,61821,123643,123647,TRUE
GrupoE,abc02,123,Stack,118755,59377,118755,118767,TRUE
GrupoE,abc02,357,Stack,118755,59377,118755,118763,TRUE
GrupoE,abc03,1,Stack,126686,63343,126686,126686,TRUE
GrupoE,abc03,393,Stack,126686,63343,126686,126690,TRUE
GrupoE,abc04,5,Stack,118576,59288,118576,118576,TRUE
GrupoE,abc04,615,Stack,118576,59288,118576,118584,TRUE
GrupoE,abc06,0,Stack,125587,62793,125587,125587,TRUE
GrupoE,abc06,1,Stack,125587,62793,125587,125591,TRUE
GrupoE,abc06,2,Stack,125587,62793,125587,125595,TRUE
GrupoE,abc06,3,Stack,125587,62793,125587,125599,TRUE
GrupoE,abc06,290,Stack,125587,62793,125587,125603,TRUE
GrupoE,abc07,0,Stack,117562,58781,117562,117566,TRUE
GrupoE,abc07,1,Stack,117562,58781,117562,117562,TRUE
GrupoE,abc07,2,Stack,117562,58781,117562,117570,TRUE
GrupoE,abc07,3,Stack,117562,58781,117562,117574,TRUE
GrupoE,abc07,322,Stack,117562,58781,117562,117578,TRUE
GrupoE,ijk00,456,Stack,109093,54546,109093,109101,TRUE
GrupoE,ijk00,923,Stack,109093,54546,109093,109093,TRUE
GrupoE,ijk00,1379,Stack,109093,54546,109093,109097,TRUE
GrupoE,ijk01,456,Stack,104421,52210,104421,104433,TRUE
GrupoE,ijk01,467,Stack,104421,52210,104421,104437,TRUE
GrupoE,ijk01,923,Stack,104421,52210,104421,104421,TRUE
GrupoE,ijk02,20,Stack,130744,65372,130744,130748,TRUE
GrupoE,ijk02,30,Stack,130744,65372,130744,130752,TRUE
GrupoE,ijk02,600,Stack,130744,65372,130744,130744,TRUE
GrupoE,ijk03,3,Stack,106814,53407,106814,106826,TRUE
GrupoE,ijk03,4,Stack,106814,53407,106814,106822,TRUE
GrupoE,ijk03,12,Stack,106814,53407,106814,106818,TRUE
GrupoE,ijk04,30,Stack,106783,53391,106783,106783,TRUE
GrupoE,ijk04,46,Stack,106783,53391,106783,106787,TRUE
GrupoE,ijk04,76,Stack,106783,53391,106783,106791,TRUE
GrupoE,ijk05,-18,Stack,118501,59250,118501,118505,TRUE
GrupoE,ijk05,-2,Stack,118501,59250,118501,118501,TRUE
GrupoE,ijk05,16,Stack,118501,59250,118501,118509,TRUE
GrupoE,ijk06,5,Stack,122869,61434,122869,122873,TRUE
GrupoE,ijk06,12,Stack,122869,61434,122869,122877,TRUE
GrupoE,ijk06,25,Stack,122869,61434,122869,122869,TRUE
GrupoE,ijk07,45,Stack,131879,65939,131879,131879,TRUE
GrupoE,ijk07,135,Stack,131879,65939,131879,131883,TRUE
GrupoE,ijk07,6075,Stack,131879,65939,131879,131887,TRUE
GrupoE,ijk08,3,Stack,132220,66110,132220,132228,TRUE
GrupoE,ijk08,15,Stack,132220,66110,132220,132224,TRUE
GrupoE,ijk08,55,Stack,132220,66110,132220,132220,TRUE
GrupoE,ijk09,3,Stack,122201,61100,122201,122209,TRUE
GrupoE,ijk09,15,Stack,122201,61100,122201,122205,TRUE
GrupoE,ijk09,46,Stack,122201,61100,122201,122201,TRUE
GrupoE,ijk10,2,Stack,106618,53309,106618,106626,TRUE
GrupoE,ijk10,300,Stack,106618,53309,106618,106618,TRUE
GrupoE,ijk10,400,Stack,106618,53309,106618,106622,TRUE
GrupoE,ijk11,2,Stack,122321,61160,122321,122329,TRUE
GrupoE,ijk11,400,Stack,122321,61160,122321,122325,TRUE
GrupoE,ijk11,800,Stack,122321,61160,122321,122321,TRUE
GrupoE,ijk12,20,Stack,107385,53692,107385,107385,TRUE
GrupoE,ijk13,2,Stack,119409,59704,119409,119409,TRUE
GrupoE,ijk14,393,Stack,129811,64905,129811,129811,TRUE
GrupoE,ijk14,394,Stack,129811,64905,129811,129815,TRUE
GrupoE,ijk15,-393,Stack,127844,63922,127844,127844,TRUE
GrupoE,ijk15,393,Stack,127844,63922,127844,127848,TRUE
GrupoE,ijk16,0,Stack,109360,54680,109360,109364,TRUE
GrupoE,ijk16,1,Stack,109360,54680,109360,109360,TRUE
GrupoE,ijk17,0,Stack,132111,66055,132111,132111,TRUE
GrupoE,ijk17,1,Stack,132111,66055,132111,132115,TRUE
GrupoE,ijk17,109,Stack,132111,66055,132111,132119,TRUE
GrupoE,ijk18,1,Stack,132173,66086,132173,132173,TRUE
GrupoE,ijk18,2,Stack,132173,66086,132173,132177,TRUE
GrupoE,ijk18,109,Stack,132173,66086,132173,132181,TRUE
GrupoE,ijk19,1,Stack,127533,63766,127533,127533,TRUE
GrupoE,ijk19,4,Stack,127533,63766,127533,127541,TRUE
GrupoE,ijk19,109,Stack,127533,63766,127533,127537,TRUE
GrupoE,ijk20,1,Stack,130412,65206,130412,130412,TRUE
GrupoE,ijk20,5,Stack,130412,65206,130412,130420,TRUE
GrupoE,ijk20,109,Stack,130412,65206,130412,130416,TRUE
GrupoE,ijk21,0,Stack,102508,51254,102508,102508,TRUE
GrupoE,ijk21,5,Stack,102508,51254,102508,102520,TRUE
GrupoE,ijk21,108,Stack,102508,51254,102508,102516,TRUE
GrupoE,ijk21,109,Stack,102508,51254,102508,102512,TRUE
GrupoE,ijk22,1,Stack,120234,60117,120234,120234,TRUE
GrupoE,ijk22,6,Stack,120234,60117,120234,120246,TRUE
GrupoE,ijk22,108,Stack,120234,60117,120234,120242,TRUE
GrupoE,ijk22,109,Stack,120234,60117,120234,120238,TRUE
GrupoE,ijk23,0,Stack,102431,51215,102431,102431,TRUE
GrupoE,ijk23,5,Stack,102431,51215,102431,102443,TRUE
GrupoE,ijk23,109,Stack,102431,51215,102431,102435,TRUE
GrupoE,ijk24,1,Stack,131365,65682,131365,131365,TRUE
GrupoE,ijk24,6,Stack,131365,65682,131365,131377,TRUE
GrupoF,abc00,98,Stack,119357,59678,119357,119369,TRUE
GrupoF,abc00,456,Stack,119357,59678,119357,119365,TRUE
GrupoF,abc01,-3,Stack,112381,56190,112381,112381,TRUE
GrupoF,abc01,432,Stack,112381,56190,112381,112385,TRUE
GrupoF,abc02,123,Stack,124575,62287,124575,124587,TRUE
GrupoF,abc02,357,Stack,124575,62287,124575,124583,TRUE
GrupoF,abc03,1,Stack,105271,52635,105271,105271,TRUE
GrupoF,abc03,393,Stack,105271,52635,105271,105275,TRUE
GrupoF,abc04,5,Stack,111223,55611,111223,111223,TRUE
GrupoF,abc04,615,Stack,111223,55611,111223,111231,TRUE
GrupoF,abc06,0,Stack,132132,66066,132132,132132,TRUE
GrupoF,abc06,1,Stack,132132,66066,132132,132136,TRUE
GrupoF,abc06,2,Stack,132132,66066,132132,132140,TRUE
GrupoF,abc06,3,Stack,132132,66066,132132,132144,TRUE
GrupoF,abc06,290,Stack,132132,66066,132132,132148,TRUE
GrupoF,abc07,0,Stack,115879,57939,115879,115883,TRUE
GrupoF,abc07,1,Stack,115879,57939,115879,115879,TRUE
GrupoF,abc07,2,Stack,115879,57939,115879,115887,TRUE
GrupoF,abc07,3,Stack,115879,57939,115879,115891,TRUE
GrupoF,abc07,322,Stack,115879,57939,115879,115895,TRUE
GrupoF,ijk00,456,Stack,127730,63865,127730,127738,TRUE
GrupoF,ijk00,923,Stack,127730,63865,127730,127730,TRUE
GrupoF,ijk00,1379,Stack,127730,63865,127730,127734,TRUE
GrupoF,ijk01,456,Stack,102694,51347,102694,102706,TRUE
GrupoF,ijk01,467,Stack,102694,51347,102694,102710,TRUE
GrupoF,ijk01,923,Stack,102694,51347,102694,102694,TRUE
GrupoF,ijk02,20,Stack,112894,56447,112894,112898,TRUE
GrupoF,ijk02,30,Stack,112894,56447,112894,112902,TRUE
GrupoF,ijk02,600,Stack,112894,56447,112894,112894,TRUE
GrupoF,ijk03,3,Stack,122090,61045,122090,122102,TRUE
GrupoF,ijk03,4,Stack,122090,61045,122090,122098,TRUE
GrupoF,ijk03,12,Stack,122090,61045,122090,122094,TRUE
GrupoF,ijk04,30,Stack,118132,59066,118132,118132,TRUE
GrupoF,ijk04,46,Stack,118132,59066,118132,118136,TRUE
GrupoF,ijk04,76,Stack,118132,59066,118132,118140,TRUE
GrupoF,ijk05,-18,Stack,126446,63223,126446,126450,TRUE
GrupoF,ijk05,-2,Stack,126446,63223,126446,126446,TRUE
GrupoF,ijk05,16,Stack,126446,63223,126446,126454,TRUE
GrupoF,ijk06,5,Stack,116986,58493,116986,116990,TRUE
GrupoF,ijk06,12,Stack,116986,58493,116986,116994,TRUE
GrupoF,ijk06,25,Stack,116986,58493,116986,116986,TRUE
GrupoF,ijk07,45,Stack,113481,56740,113481,113481,TRUE
GrupoF,ijk07,135,Stack,113481,56740,113481,113485,TRUE
GrupoF,ijk07,6075,Stack,113481,56740,113481,113489,TRUE
GrupoF,ijk08,3,Stack,103618,51809,103618,103626,TRUE
GrupoF,ijk08,15,Stack,103618,51809,103618,103622,TRUE
GrupoF,ijk08,55,Stack,103618,51809,103618,103618,TRUE
GrupoF,ijk09,3,Stack,119493,59746,119493,119501,TRUE
GrupoF,ijk09,15,Stack,119493,59746,119493,119497,TRUE
GrupoF,ijk09,46,Stack,119493,59746,119493,119493,TRUE
GrupoF,ijk10,2,Stack,102738,51369,102738,102746,TRUE
GrupoF,ijk10,300,Stack,102738,51369,102738,102738,TRUE
GrupoF,ijk10,400,Stack,102738,51369,102738,102742,TRUE
GrupoF,ijk11,2,Stack,119980,59990,119980,119988,TRUE
GrupoF,ijk11,400,Stack,119980,59990,119980,119984,TRUE
GrupoF,ijk11,800,Stack,119980,59990,119980,119980,TRUE
GrupoF,ijk12,20,Stack,117897,58948,117897,117897,TRUE
GrupoF,ijk13,2,Stack,128979,64489,128979,128979,TRUE
GrupoF,ijk14,393,Stack,113835,56917,113835,113835,TRUE
GrupoF,ijk14,394,Stack,113835,56917,113835,113839,TRUE
GrupoF,ijk15,-393,Stack,110056,55028,110056,110056,TRUE
GrupoF,ijk15,393,Stack,110056,55028,110056,110060,TRUE
GrupoF,ijk16,0,Stack,116061,58030,116061,116065,TRUE
GrupoF,ijk16,1,Stack,116061,58030,116061,116061,TRUE
GrupoF,ijk17,0,Stack,125959,62979,125959,125959,TRUE
GrupoF,ijk17,1,Stack,125959,62979,125959,125963,TRUE
GrupoF,ijk17,109,Stack,125959,62979,125959,125967,TRUE
GrupoF,ijk18,1,Stack,125550,62775,125550,125550,TRUE
GrupoF,ijk18,2,Stack,125550,62775,125550,125554,TRUE
GrupoF,ijk18,109,Stack,125550,62775,125550,125558,TRUE
GrupoF,ijk19,1,Stack,104401,52200,104401,104401,TRUE
GrupoF,ijk19,4,Stack,104401,52200,104401,104409,TRUE
GrupoF,ijk19,109,Stack,104401,52200,104401,104405,TRUE
GrupoF,ijk20,1,Stack,116156,58078,116156,116156,TRUE
GrupoF,ijk20,5,Stack,116156,58078,116156,116164,TRUE
GrupoF,ijk20,109,Stack,116156,58078,116156,116160,TRUE
GrupoF,ijk21,0,Stack,116104,58052,116104,116104,TRUE
GrupoF,ijk21,5,Stack,116104,58052,116104,116116,TRUE
GrupoF,ijk21,108,Stack,116104,58052,116104,116112,TRUE
GrupoF,ijk21,109,Stack,116104,58052,116104,116108,TRUE
GrupoF,ijk22,1,Stack,129787,64893,129787,129787,TRUE
GrupoF,ijk22,6,Stack,129787,64893,129787,129799,TRUE
GrupoF,ijk22,108,Stack,129787,64893,129787,129795,TRUE
GrupoF,ijk22,109,Stack,129787,64893,129787,129791,TRUE
GrupoF,ijk23,0,Stack,121039,60519,121039,121039,TRUE
GrupoF,ijk23,5,Stack,121039,60519,121039,121051,TRUE
GrupoF,ijk23,109,Stack,121039,60519,121039,121043,TRUE
GrupoF,ijk24,1,Stack,127356,63678,127356,127356,TRUE
GrupoF,ijk24,6,Stack,127356,63678,127356,127368,TRUE
GrupoG,abc00,98,Stack,123490,61745,123490,123502,TRUE
GrupoG,abc00,456,Stack,123490,61745,123490,123498,TRUE
GrupoG,abc01,-3,Stack,100072,50036,100072,100072,TRUE
GrupoG,abc01,432,Stack,100072,50036,100072,100076,TRUE
GrupoG,abc02,123,Stack,107080,53540,107080,107092,TRUE
GrupoG,abc02,357,Stack,107080,53540,107080,107088,TRUE
GrupoG,abc03,1,Stack,121208,60604,121208,121208,TRUE
GrupoG,abc03,393,Stack,121208,60604,121208,121212,TRUE
GrupoG,abc04,5,Stack,115500,57750,115500,115500,TRUE
GrupoG,abc04,615,Stack,115500,57750,115500,115508,TRUE
GrupoG,abc06,0,Stack,107050,53525,107050,107050,TRUE
GrupoG,abc06,1,Stack,107050,53525,107050,107054,TRUE
GrupoG,abc06,2,Stack,107050,53525,107050,107058,TRUE
GrupoG,abc06,3,Stack,107050,53525,107050,107062,TRUE
GrupoG,abc06,290,Stack,107050,53525,107050,107066,TRUE
GrupoG,abc07,0,Stack,122174,61087,122174,122178,TRUE
GrupoG,abc07,1,Stack,122174,61087,122174,122174,TRUE
GrupoG,abc07,2,Stack,122174,61087,122174,122182,TRUE
GrupoG,abc07,3,Stack,122174,61087,122174,122186,TRUE
GrupoG,abc07,322,Stack,122174,61087,122174,122190,TRUE
GrupoG,ijk00,456,Stack,127353,63676,127353,127361,TRUE
GrupoG,ijk00,923,Stack,127353,63676,127353,127353,TRUE
GrupoG,ijk00,1379,Stack,127353,63676,127353,127357,TRUE
GrupoG,ijk01,456,Stack,119645,59822,119645,119657,TRUE
GrupoG,ijk01,467,Stack,119645,59822,119645,119661,TRUE
GrupoG,ijk01,923,Stack,119645,59822,119645,119645,TRUE
GrupoG,ijk02,20,Stack,115762,57881,115762,115766,TRUE
GrupoG,ijk02,30,Stack,115762,57881,115762,115770,TRUE
GrupoG,ijk02,600,Stack,115762,57881,115762,115762,TRUE
GrupoG,ijk03,3,Stack,124649,62324,124649,124661,TRUE
GrupoG,ijk03,4,Stack,124649,62324,124649,124657,TRUE
GrupoG,ijk03,12,Stack,124649,62324,124649,124653,TRUE
GrupoG,ijk04,30,Stack,113645,56822,113645,113645,TRUE
GrupoG,ijk04,46,Stack,113645,56822,113645,113649,TRUE
GrupoG,ijk04,76,Stack,113645,56822,113645,113653,TRUE
GrupoG,ijk05,-18,Stack,124949,62474,124949,124953,TRUE
GrupoG,ijk05,-2,Stack,124949,62474,124949,124949,TRUE
GrupoG,ijk05,16,Stack,124949,62474,124949,124957,TRUE
GrupoG,ijk06,5,Stack,127838,63919,127838,127842,TRUE
GrupoG,ijk06,12,Stack,127838,63919,127838,127846,TRUE
GrupoG,ijk06,25,Stack,127838,63919,127838,127838,TRUE
GrupoG,ijk07,45,Stack,101216,50608,101216,101216,TRUE
GrupoG,ijk07,135,Stack,101216,50608,101216,101220,TRUE
GrupoG,ijk07,6075,Stack,101216,50608,101216,101224,TRUE
GrupoG,ijk08,3,Stack,131900,65950,131900,131908,TRUE
GrupoG,ijk08,15,Stack,131900,65950,131900,131904,TRUE
GrupoG,ijk08,55,Stack,131900,65950,131900,131900,TRUE
GrupoG,ijk09,3,Stack,100402,50201,100402,100410,TRUE
GrupoG,ijk09,15,Stack,100402,50201,100402,100406,TRUE
GrupoG,ijk09,46,Stack,100402,50201,100402,100402,TRUE
GrupoG,ijk10,2,Stack,112010,56005,112010,112018,TRUE
GrupoG,ijk10,300,Stack,112010,56005,112010,112010,TRUE
GrupoG,ijk10,400,Stack,112010,56005,112010,112014,TRUE
GrupoG,ijk11,2,Stack,109198,54599,109198,109206,TRUE
GrupoG,ijk11,400,Stack,109198,54599,109198,109202,TRUE
GrupoG,ijk11,800,Stack,109198,54599,109198,109198,TRUE
GrupoG,ijk12,20,Stack,124307,62153,124307,124307,TRUE
GrupoG,ijk13,2,Stack,101496,50748,101496,101496,TRUE
GrupoG,ijk14,393,Stack,128547,64273,128547,128547,TRUE
GrupoG,ijk14,394,Stack,128547,64273,128547,128551,TRUE
GrupoG,ijk15,-393,Stack,107143,53571,107143,107143,TRUE
GrupoG,ijk15,393,Stack,107143,53571,107143,107147,TRUE
GrupoG,ijk16,0,Stack,125005,62502,125005,125009,TRUE
GrupoG,ijk16,1,Stack,125005,62502,125005,125005,TRUE
GrupoG,ijk17,0,Stack,104213,52106,104213,104213,TRUE
GrupoG,ijk17,1,Stack,104213,52106,104213,104217,TRUE
GrupoG,ijk17,109,Stack,104213,52106,104213,104221,TRUE
GrupoG,ijk18,1,Stack,107658,53829,107658,107658,TRUE
GrupoG,ijk18,2,Stack,107658,53829,107658,107662,TRUE
GrupoG,ijk18,109,Stack,107658,53829,107658,107666,TRUE
GrupoG,ijk19,1,Stack,132740,66370,132740,132740,TRUE
GrupoG,ijk19,4,Stack,132740,66370,132740,132748,TRUE
GrupoG,ijk19,109,Stack,132740,66370,132740,132744,TRUE
GrupoG,ijk20,1,Stack,119238,59619,119238,119238,TRUE
GrupoG,ijk20,5,Stack,119238,59619,119238,119246,TRUE
GrupoG,ijk20,109,Stack,119238,59619,119238,119242,TRUE
GrupoG,ijk21,0,Stack,104462,52231,104462,104462,TRUE
GrupoG,ijk21,5,Stack,104462,52231,104462,104474,TRUE
GrupoG,ijk21,108,Stack,104462,52231,104462,104470,TRUE
GrupoG,ijk21,109,Stack,104462,52231,104462,104466,TRUE
GrupoG,ijk22,1,Stack,101901,50950,101901,101901,TRUE
GrupoG,ijk22,6,Stack,101901,50950,101901,101913,TRUE
GrupoG,ijk22,108,Stack,101901,50950,101901,101909,TRUE
GrupoG,ijk22,109,Stack,101901,50950,101901,101905,TRUE
GrupoG,ijk23,0,Stack,122576,61288,122576,122576,TRUE
GrupoG,ijk23,5,Stack,122576,61288,122576,122588,TRUE
GrupoG,ijk23,109,Stack,122576,61288,122576,122580,TRUE
GrupoG,ijk24,1,Stack,122263,61131,122263,122263,TRUE
GrupoG,ijk24,6,Stack,122263,61131,122263,122275,TRUE
GrupoH,abc00,98,Stack,118877,59438,118877,118889,TRUE
GrupoH,abc00,456,Stack,118877,59438,118877,118885,TRUE
GrupoH,abc01,-3,Stack,110719,55359,110719,110719,TRUE
GrupoH,abc01,432,Stack,110719,55359,110719,110723,TRUE
GrupoH,abc02,123,Stack,105549,52774,105549,105561,TRUE
GrupoH,abc02,357,Stack,105549,52774,105549,105557,TRUE
GrupoH,abc03,1,Stack,114036,57018,114036,114036,TRUE
GrupoH,abc03,393,Stack,114036,57018,114036,114040,TRUE
GrupoH,abc04,5,Stack,124802,62401,124802,124802,TRUE
GrupoH,abc04,615,Stack,124802,62401,124802,124810,TRUE
GrupoH,abc06,0,Stack,123759,61879,123759,123759,TRUE
GrupoH,abc06,1,Stack,123759,61879,123759,123763,TRUE
GrupoH,abc06,2,Stack,123759,61879,123759,123767,TRUE
GrupoH,abc06,3,Stack,123759,61879,123759,123771,TRUE
GrupoH,abc06,290,Stack,123759,61879,123759,123775,TRUE
GrupoH,abc07,0,Stack,100142,50071,100142,100146,TRUE
GrupoH,abc07,1,Stack,100142,50071,100142,100142,TRUE
GrupoH,abc07,2,Stack,100142,50071,100142,100150,TRUE
GrupoH,abc07,3,Stack,100142,50071,100142,100154,TRUE
GrupoH,abc07,322,Stack,100142,50071,100142,100158,TRUE
GrupoH,ijk00,456,Stack,115290,57645,115290,115298,TRUE
GrupoH,ijk00,923,Stack,115290,57645,115290,115290,TRUE
GrupoH,ijk00,1379,Stack,115290,57645,115290,115294,TRUE
GrupoH,ijk01,456,Stack,108585,54292,108585,108597,TRUE
GrupoH,ijk01,467,Stack,108585,54292,108585,108601,TRUE
GrupoH,ijk01,923,Stack,108585,54292,108585,108585,TRUE
GrupoH,ijk02,20,Stack,114524,57262,114524,114528,TRUE
GrupoH,ijk02,30,Stack,114524,57262,114524,114532,TRUE
GrupoH,ijk02,600,Stack,114524,57262,114524,114524,TRUE
GrupoH,ijk03,3,Stack,127764,63882,127764,127776,TRUE
GrupoH,ijk03,4,Stack,127764,63882,127764,127772,TRUE
GrupoH,ijk03,12,Stack,127764,63882,127764,127768,TRUE
GrupoH,ijk04,30,Stack,110342,55171,110342,110342,TRUE
GrupoH,ijk04,46,Stack,110342,55171,110342,110346,TRUE
GrupoH,ijk04,76,Stack,110342,55171,110342,110350,TRUE
GrupoH,ijk05,-18,Stack,125915,62957,125915,125919,TRUE
GrupoH,ijk05,-2,Stack,125915,62957,125915,125915,TRUE
GrupoH,ijk05,16,Stack,125915,62957,125915,125923,TRUE
GrupoH,ijk06,5,Stack,131389,65694,131389,131393,TRUE
GrupoH,ijk06,12,Stack,131389,65694,131389,131397,TRUE
GrupoH,ijk06,25,Stack,131389,65694,131389,131389,TRUE
GrupoH,ijk07,45,Stack,110719,55359,110719,110719,TRUE
GrupoH,ijk07,135,Stack,110719,55359,110719,110723,TRUE
GrupoH,ijk07,6075,Stack,110719,55359,110719,110727,TRUE
GrupoH,ijk08,3,Stack,113052,56526,113052,113060,TRUE
GrupoH,ijk08,15,Stack,113052,56526,113052,113056,TRUE
GrupoH,ijk08,55,Stack,113052,56526,113052,113052,TRUE
GrupoH,ijk09,3,Stack,129893,64946,129893,129901,TRUE
GrupoH,ijk09,15,Stack,129893,64946,129893,129897,TRUE
GrupoH,ijk09,46,Stack,129893,64946,129893,129893,TRUE
GrupoH,ijk10,2,Stack,129714,64857,129714,129722,TRUE
GrupoH,ijk10,300,Stack,129714,64857,129714,129714,TRUE
GrupoH,ijk10,400,Stack,129714,64857,129714,129718,TRUE
GrupoH,ijk11,2,Stack,122338,61169,122338,122346,TRUE
GrupoH,ijk11,400,Stack,122338,61169,122338,122342,TRUE
GrupoH,ijk11,800,Stack,122338,61169,122338,122338,TRUE
GrupoH,ijk12,20,Stack,116442,58221,116442,116442,TRUE
GrupoH,ijk13,2,Stack,108141,54070,108141,108141,TRUE
GrupoH,ijk14,393,Stack,102713,51356,102713,102713,TRUE
GrupoH,ijk14,394,Stack,102713,51356,102713,102717,TRUE
GrupoH,ijk15,-393,Stack,123728,61864,123728,123728,TRUE
GrupoH,ijk15,393,Stack,123728,61864,123728,123732,TRUE
GrupoH,ijk16,0,Stack,123276,61638,123276,123280,TRUE
GrupoH,ijk16,1,Stack,123276,61638,123276,123276,TRUE
GrupoH,ijk17,0,Stack,122221,61110,122221,122221,TRUE
GrupoH,ijk17,1,Stack,122221,61110,122221,122225,TRUE
GrupoH,ijk17,109,Stack,122221,61110,122221,122229,TRUE
GrupoH,ijk18,1,Stack,122840,61420,122840,122840,TRUE
GrupoH,ijk18,2,Stack,122840,61420,122840,122844,TRUE
GrupoH,ijk18,109,Stack,122840,61420,122840,122848,TRUE
GrupoH,ijk19,1,Stack,110068,55034,110068,110068,TRUE
GrupoH,ijk19,4,Stack,110068,55034,110068,110076,TRUE
GrupoH,ijk19,109,Stack,110068,55034,110068,110072,TRUE
GrupoH,ijk20,1,Stack,127058,63529,127058,127058,TRUE
GrupoH,ijk20,5,Stack,127058,63529,127058,127066,TRUE
GrupoH,ijk20,109,Stack,127058,63529,127058,127062,TRUE
GrupoH,ijk21,0,Stack,109178,54589,109178,109178,TRUE
GrupoH,ijk21,5,Stack,109178,54589,109178,109190,TRUE
GrupoH,ijk21,108,Stack,109178,54589,109178,109186,TRUE
GrupoH,ijk21,109,Stack,109178,54589,109178,109182,TRUE
GrupoH,ijk22,1,Stack,108455,54227,108455,108455,TRUE
GrupoH,ijk22,6,Stack,108455,54227,108455,108467,TRUE
GrupoH,ijk22,108,Stack,108455,54227,108455,108463,TRUE
GrupoH,ijk22,109,Stack,108455,54227,108455,108459,TRUE
GrupoH,ijk23,0,Stack,120894,60447,120894,120894,TRUE
GrupoH,ijk23,5,Stack,120894,60447,120894,120906,TRUE
GrupoH,ijk23,109,Stack,120894,60447,120894,120898,TRUE
GrupoH,ijk24,1,Stack,128201,64100,128201,128201,TRUE
GrupoH,ijk24,6,Stack,128201,64100,128201,128213,TRUE
GrupoI,abc00,98,Stack,132715,66357,132715,132727,TRUE
GrupoI,abc00,456,Stack,132715,66357,132715,132723,TRUE
GrupoI,abc01,-3,Stack,104198,52099,104198,104198,TRUE
GrupoI,abc01,432,Stack,104198,52099,104198,104202,TRUE
GrupoI,abc02,123,Stack,106813,53406,106813,106825,TRUE
GrupoI,abc02,357,Stack,106813,53406,106813,106821,TRUE
GrupoI,abc03,1,Stack,124888,62444,124888,124888,TRUE
GrupoI,abc03,393,Stack,124888,62444,124888,124892,TRUE
GrupoI,abc04,5,Stack,101174,50587,101174,101174,TRUE
GrupoI,abc04,615,Stack,101174,50587,101174,101182,TRUE
GrupoI,abc06,0,Stack,123052,61526,123052,123052,TRUE
GrupoI,abc06,1,Stack,123052,61526,123052,123056,TRUE
GrupoI,abc06,2,Stack,123052,61526,123052,123060,TRUE
GrupoI,abc06,3,Stack,123052,61526,123052,123064,TRUE
GrupoI,abc06,290,Stack,123052,61526,123052,123068,TRUE
GrupoI,abc07,0,Stack,114686,57343,114686,114690,TRUE
GrupoI,abc07,1,Stack,114686,57343,114686,114686,TRUE
GrupoI,abc07,2,Stack,114686,57343,114686,114694,TRUE
GrupoI,abc07,3,Stack,114686,57343,114686,114698,TRUE
GrupoI,abc07,322,Stack,114686,57343,114686,114702,TRUE
GrupoI,ijk00,456,Stack,111657,55828,111657,111665,TRUE
GrupoI,ijk00,923,Stack,111657,55828,111657,111657,TRUE
GrupoI,ijk00,1379,Stack,111657,55828,111657,111661,TRUE
GrupoI,ijk01,456,Stack,121501,60750,121501,121513,TRUE
GrupoI,ijk01,467,Stack,121501,60750,121501,121517,TRUE
GrupoI,ijk01,923,Stack,121501,60750,121501,121501,TRUE
GrupoI,ijk02,20,Stack,113908,56954,113908,113912,TRUE
GrupoI,ijk02,30,Stack,113908,56954,113908,113916,TRUE
GrupoI,ijk02,600,Stack,113908,56954,113908,113908,TRUE
GrupoI,ijk03,3,Stack,104253,52126,104253,104265,TRUE
GrupoI,ijk03,4,Stack,104253,52126,104253,104261,TRUE
GrupoI,ijk03,12,Stack,104253,52126,104253,104257,TRUE
GrupoI,ijk04,30,Stack,128543,64271,128543,128543,TRUE
GrupoI,ijk04,46,Stack,128543,64271,128543,128547,TRUE
GrupoI,ijk04,76,Stack,128543,64271,128543,128551,TRUE
GrupoI,ijk05,-18,Stack,121128,60564,121128,121132,TRUE
GrupoI,ijk05,-2,Stack,121128,60564,121128,121128,TRUE
GrupoI,ijk05,16,Stack,121128,60564,121128,121136,TRUE
GrupoI,ijk06,5,Stack,116207,58103,116207,116211,TRUE
GrupoI,ijk06,12,Stack,116207,58103,116207,116215,TRUE
GrupoI,ijk06,25,Stack,116207,58103,116207,116207,TRUE
GrupoI,ijk07,45,Stack,123870,61935,123870,123870,TRUE
GrupoI,ijk07,135,Stack,123870,61935,123870,123874,TRUE
GrupoI,ijk07,6075,Stack,123870,61935,123870,123878,TRUE
GrupoI,ijk08,3,Stack,124568,62284,124568,124576,TRUE
GrupoI,ijk08,15,Stack,124568,62284,124568,124572,TRUE
GrupoI,ijk08,55,Stack,124568,62284,124568,124568,TRUE
GrupoI,ijk09,3,Stack,104291,52145,104291,104299,TRUE
GrupoI,ijk09,15,Stack,104291,52145,104291,104295,TRUE
GrupoI,ijk09,46,Stack,104291,52145,104291,104291,TRUE
GrupoI,ijk10,2,Stack,109974,54987,109974,109982,TRUE
GrupoI,ijk10,300,Stack,109974,54987,109974,109974,TRUE
GrupoI,ijk10,400,Stack,109974,54987,109974,109978,TRUE
GrupoI,ijk11,2,Stack,129821,64910,129821,129829,TRUE
GrupoI,ijk11,400,Stack,129821,64910,129821,129825,TRUE
GrupoI,ijk11,800,Stack,129821,64910,129821,129821,TRUE
GrupoI,ijk12,20,Stack,115428,57714,115428,115428,TRUE
GrupoI,ijk13,2,Stack,100584,50292,100584,100584,TRUE
GrupoI,ijk14,393,Stack,125073,62536,125073,125073,TRUE
GrupoI,ijk14,394,Stack,125073,62536,125073,125077,TRUE
GrupoI,ijk15,-393,Stack,112160,56080,112160,112160,TRUE
GrupoI,ijk15,393,Stack,112160,56080,112160,112164,TRUE
GrupoI,ijk16,0,Stack,115799,57899,115799,115803,TRUE
GrupoI,ijk16,1,Stack,115799,57899,115799,115799,TRUE
GrupoI,ijk17,0,Stack,125039,62519,125039,125039,TRUE
GrupoI,ijk17,1,Stack,125039,62519,125039,125043,TRUE
GrupoI,ijk17,109,Stack,125039,62519,125039,125047,TRUE
GrupoI,ijk18,1,Stack,122167,61083,122167,122167,TRUE
GrupoI,ijk18,2,Stack,122167,61083,122167,122171,TRUE
GrupoI,ijk18,109,Stack,122167,61083,122167,122175,TRUE
GrupoI,ijk19,1,Stack,107589,53794,107589,107589,TRUE
GrupoI,ijk19,4,Stack,107589,53794,107589,107597,TRUE
GrupoI,ijk19,109,Stack,107589,53794,107589,107593,TRUE
GrupoI,ijk20,1,Stack,104485,52242,104485,104485,TRUE
GrupoI,ijk20,5,Stack,104485,52242,104485,104493,TRUE
GrupoI,ijk20,109,Stack,104485,52242,104485,104489,TRUE
GrupoI,ijk21,0,Stack,122575,61287,122575,122575,TRUE
GrupoI,ijk21,5,Stack,122575,61287,122575,122587,TRUE
GrupoI,ijk21,108,Stack,122575,61287,122575,122583,TRUE
GrupoI,ijk21,109,Stack,122575,61287,122575,122579,TRUE
GrupoI,ijk22,1,Stack,117974,58987,117974,117974,TRUE
GrupoI,ijk22,6,Stack,117974,58987,117974,117986,TRUE
GrupoI,ijk22,108,Stack,117974,58987,117974,117982,TRUE
GrupoI,ijk22,109,Stack,117974,58987,117974,117978,TRUE
GrupoI,ijk23,0,Stack,117532,58766,117532,117532,TRUE
GrupoI,ijk23,5,Stack,117532,58766,117532,117544,TRUE
GrupoI,ijk23,109,Stack,117532,58766,117532,117536,TRUE
GrupoI,ijk24,1,Stack,129750,64875,129750,129750,TRUE
GrupoI,ijk24,6,Stack,129750,64875,129750,129762,TRUE
GrupoJ,abc00,98,Stack,127087,63543,127087,NA,NA
GrupoJ,abc00,456,Stack,127087,63543,127087,NA,NA
GrupoJ,abc01,-3,Stack,120407,60203,120407,NA,NA
GrupoJ,abc01,432,Stack,120407,60203,120407,NA,NA
GrupoJ,abc02,123,Stack,131895,65947,131895,NA,NA
GrupoJ,abc02,357,Stack,131895,65947,131895,NA,NA
GrupoJ,abc03,1,Stack,109840,54920,109840,NA,NA
GrupoJ,abc03,393,Stack,109840,54920,109840,NA,NA
GrupoJ,abc04,5,Stack,114029,57014,114029,NA,NA
GrupoJ,abc04,615,Stack,114029,57014,114029,NA,NA
GrupoJ,abc06,0,Stack,119999,59999,119999,NA,NA
GrupoJ,abc06,1,Stack,119999,59999,119999,NA,NA
GrupoJ,abc06,2,Stack,119999,59999,119999,NA,NA
GrupoJ,abc06,3,Stack,119999,59999,119999,NA,NA
GrupoJ,abc06,290,Stack,119999,59999,119999,NA,NA
GrupoJ,abc07,0,Stack,110696,55348,110696,NA,NA
GrupoJ,abc07,1,Stack,110696,55348,110696,NA,NA
GrupoJ,abc07,2,Stack,110696,55348,110696,NA,NA
GrupoJ,abc07,3,Stack,110696,55348,110696,NA,NA
GrupoJ,abc07,322,Stack,110696,55348,110696,NA,NA
GrupoJ,ijk00,456,Stack,101727,50863,101727,101739,TRUE
GrupoJ,ijk00,923,Stack,101727,50863,101727,101731,TRUE
GrupoJ,ijk00,1379,Stack,101727,50863,101727,101735,TRUE
GrupoJ,ijk01,456,Stack,110314,55157,110314,110330,TRUE
GrupoJ,ijk01,467,Stack,110314,55157,110314,110334,TRUE
GrupoJ,ijk01,923,Stack,110314,55157,110314,110318,TRUE
GrupoJ,ijk02,20,Stack,123580,61790,123580,123588,TRUE
GrupoJ,ijk02,30,Stack,123580,61790,123580,123592,TRUE
GrupoJ,ijk02,600,Stack,123580,61790,123580,123584,TRUE
GrupoJ,ijk03,3,Stack,106706,53353,106706,106722,TRUE
GrupoJ,ijk03,4,Stack,106706,53353,106706,106718,TRUE
GrupoJ,ijk03,12,Stack,106706,53353,106706,106714,TRUE
GrupoJ,ijk04,30,Stack,112499,56249,112499,112503,TRUE
GrupoJ,ijk04,46,Stack,112499,56249,112499,112507,TRUE
GrupoJ,ijk04,76,Stack,112499,56249,112499,112511,TRUE
GrupoJ,ijk05,-18,Stack,117072,58536,117072,117080,TRUE
GrupoJ,ijk05,-2,Stack,117072,58536,117072,117076,TRUE
GrupoJ,ijk05,16,Stack,117072,58536,117072,117084,TRUE
GrupoJ,ijk06,5,Stack,115520,57760,115520,115528,TRUE
GrupoJ,ijk06,12,Stack,115520,57760,115520,115532,TRUE
GrupoJ,ijk06,25,Stack,115520,57760,115520,115524,TRUE
GrupoJ,ijk07,45,Stack,125978,62989,125978,125982,TRUE
GrupoJ,ijk07,135,Stack,125978,62989,125978,125986,TRUE
GrupoJ,ijk07,6075,Stack,125978,62989,125978,125990,TRUE
GrupoJ,ijk08,3,Stack,117763,58881,117763,117775,TRUE
GrupoJ,ijk08,15,Stack,117763,58881,117763,117771,TRUE
GrupoJ,ijk08,55,Stack,117763,58881,117763,117767,TRUE
GrupoJ,ijk09,3,Stack,100595,50297,100595,100607,TRUE
GrupoJ,ijk09,15,Stack,100595,50297,100595,100603,TRUE
GrupoJ,ijk09,46,Stack,100595,50297,100595,100599,TRUE
GrupoJ,ijk10,2,Stack,129175,64587,129175,129187,TRUE
GrupoJ,ijk10,300,Stack,129175,64587,129175,129179,TRUE
GrupoJ,ijk10,400,Stack,129175,64587,129175,129183,TRUE
GrupoJ,ijk11,2,Stack,104083,52041,104083,104095,TRUE
GrupoJ,ijk11,400,Stack,104083,52041,104083,104091,TRUE
GrupoJ,ijk11,800,Stack,104083,52041,104083,104087,TRUE
GrupoJ,ijk12,20,Stack,112051,56025,112051,112055,TRUE
GrupoJ,ijk13,2,Stack,121225,60612,121225,121229,TRUE
GrupoJ,ijk14,393,Stack,130070,65035,130070,NA,NA
GrupoJ,ijk14,394,Stack,130070,65035,130070,NA,NA
GrupoJ,ijk15,-393,Stack,119137,59568,119137,119141,TRUE
GrupoJ,ijk15,393,Stack,119137,59568,119137,119145,TRUE
GrupoJ,ijk16,0,Stack,111081,55540,111081,NA,NA
GrupoJ,ijk16,1,Stack,111081,55540,111081,NA,NA
GrupoJ,ijk17,0,Stack,104118,52059,104118,104122,TRUE
GrupoJ,ijk17,1,Stack,104118,52059,104118,104126,TRUE
GrupoJ,ijk17,109,Stack,104118,52059,104118,104130,TRUE
GrupoJ,ijk18,1,Stack,101017,50508,101017,101021,TRUE
GrupoJ,ijk18,2,Stack,101017,50508,101017,101025,TRUE
GrupoJ,ijk18,109,Stack,101017,50508,101017,101029,TRUE
GrupoJ,ijk19,1,Stack,111981,55990,111981,111985,TRUE
GrupoJ,ijk19,4,Stack,111981,55990,111981,111993,TRUE
GrupoJ,ijk19,109,Stack,111981,55990,111981,111989,TRUE
GrupoJ,ijk20,1,Stack,117729,58864,117729,117733,TRUE
GrupoJ,ijk20,5,Stack,117729,58864,117729,117741,TRUE
GrupoJ,ijk20,109,Stack,117729,58864,117729,117737,TRUE
GrupoJ,ijk21,0,Stack,121423,60711,121423,121427,TRUE
GrupoJ,ijk21,5,Stack,121423,60711,121423,121439,TRUE
GrupoJ,ijk21,108,Stack,121423,60711,121423,121435,TRUE
GrupoJ,ijk21,109,Stack,121423,60711,121423,121431,TRUE
GrupoJ,ijk22,1,Stack,112742,56371,112742,112746,TRUE
GrupoJ,ijk22,6,Stack,112742,56371,112742,112758,TRUE
GrupoJ,ijk22,108,Stack,112742,56371,112742,112754,TRUE
GrupoJ,ijk22,109,Stack,112742,56371,112742,112750,TRUE
GrupoJ,ijk23,0,Stack,100317,50158,100317,100321,TRUE
GrupoJ,ijk23,5,Stack,100317,50158,100317,100333,TRUE
GrupoJ,ijk23,109,Stack,100317,50158,100317,100325,TRUE
GrupoJ,ijk24,1,Stack,120078,60039,120078,120082,TRUE
GrupoJ,ijk24,6,Stack,120078,60039,120078,120094,TRUE
GrupoK,abc00,98,Stack,102037,51018,102037,102049,TRUE
GrupoK,abc00,456,Stack,102037,51018,102037,102045,TRUE
GrupoK,abc01,-3,Stack,112860,56430,112860,112860,TRUE
GrupoK,abc01,432,Stack,112860,56430,112860,112864,TRUE
GrupoK,abc02,123,Stack,132507,66253,132507,132519,TRUE
GrupoK,abc02,357,Stack,132507,66253,132507,132515,TRUE
GrupoK,abc03,1,Stack,123850,61925,123850,123850,TRUE
GrupoK,abc03,393,Stack,123850,61925,123850,123854,TRUE
GrupoK,abc04,5,Stack,101046,50523,101046,101046,TRUE
GrupoK,abc04,615,Stack,101046,50523,101046,101054,TRUE
GrupoK,abc06,0,Stack,126449,63224,126449,126449,TRUE
GrupoK,abc06,1,Stack,126449,63224,126449,126453,TRUE
GrupoK,abc06,2,Stack,126449,63224,126449,126457,TRUE
GrupoK,abc06,3,Stack,126449,63224,126449,126461,TRUE
GrupoK,abc06,290,Stack,126449,63224,126449,126465,TRUE
GrupoK,abc07,0,Stack,127293,63646,127293,127297,TRUE
GrupoK,abc07,1,Stack,127293,63646,127293,127293,TRUE
GrupoK,abc07,2,Stack,127293,63646,127293,127301,TRUE
GrupoK,abc07,3,Stack,127293,63646,127293,127305,TRUE
GrupoK,abc07,322,Stack,127293,63646,127293,127309,TRUE
GrupoK,ijk00,456,Stack,106197,53098,106197,106205,TRUE
GrupoK,ijk00,923,Stack,106197,53098,106197,106197,TRUE
GrupoK,ijk00,1379,Stack,106197,53098,106197,106201,TRUE
GrupoK,ijk01,456,Stack,113080,56540,113080,113092,TRUE
GrupoK,ijk01,467,Stack,113080,56540,113080,113096,TRUE
GrupoK,ijk01,923,Stack,113080,56540,113080,113080,TRUE
GrupoK,ijk02,20,Stack,120808,60404,120808,120812,TRUE
GrupoK,ijk02,30,Stack,120808,60404,120808,120816,TRUE
GrupoK,ijk02,600,Stack,120808,60404,120808,120808,TRUE
GrupoK,ijk03,3,Stack,123327,61663,123327,123339,TRUE
GrupoK,ijk03,4,Stack,123327,61663,123327,123335,TRUE
GrupoK,ijk03,12,Stack,123327,61663,123327,123331,TRUE
GrupoK,ijk04,30,Stack,127239,63619,127239,127239,TRUE
GrupoK,ijk04,46,Stack,127239,63619,127239,127243,TRUE
GrupoK,ijk04,76,Stack,127239,63619,127239,127247,TRUE
GrupoK,ijk05,-18,Stack,117555,58777,117555,117559,TRUE
GrupoK,ijk05,-2,Stack,117555,58777,117555,117555,TRUE
GrupoK,ijk05,16,Stack,117555,58777,117555,117563,TRUE
GrupoK,ijk06,5,Stack,125180,62590,125180,125184,TRUE
GrupoK,ijk06,12,Stack,125180,62590,125180,125188,TRUE
GrupoK,ijk06,25,Stack,125180,62590,125180,125180,TRUE
GrupoK,ijk07,45,Stack,114572,57286,114572,114572,TRUE
GrupoK,ijk07,135,Stack,114572,57286,114572,114576,TRUE
GrupoK,ijk07,6075,Stack,114572,57286,114572,114580,TRUE
GrupoK,ijk08,3,Stack,108944,54472,108944,108952,TRUE
GrupoK,ijk08,15,Stack,108944,54472,108944,108948,TRUE
GrupoK,ijk08,55,Stack,108944,54472,108944,108944,TRUE
GrupoK,ijk09,3,Stack,103851,51925,103851,103859,TRUE
GrupoK,ijk09,15,Stack,103851,51925,103851,103855,TRUE
GrupoK,ijk09,46,Stack,103851,51925,103851,103851,TRUE
GrupoK,ijk10,2,Stack,100794,50397,100794,100802,TRUE
GrupoK,ijk10,300,Stack,100794,50397,100794,100794,TRUE
GrupoK,ijk10,400,Stack,100794,50397,100794,100798,TRUE
GrupoK,ijk11,2,Stack,126385,63192,126385,126393,TRUE
GrupoK,ijk11,400,Stack,126385,63192,126385,126389,TRUE
GrupoK,ijk11,800,Stack,126385,63192,126385,126385,TRUE
GrupoK,ijk12,20,Stack,126299,63149,126299,126299,TRUE
GrupoK,ijk13,2,Stack,103225,51612,103225,103225,TRUE
GrupoK,ijk14,393,Stack,127996,63998,127996,127996,TRUE
GrupoK,ijk14,394,Stack,127996,63998,127996,128000,TRUE
GrupoK,ijk15,-393,Stack,118829,59414,118829,118829,TRUE
GrupoK,ijk15,393,Stack,118829,59414,118829,118833,TRUE
GrupoK,ijk16,0,Stack,107494,53747,107494,107498,TRUE
GrupoK,ijk16,1,Stack,107494,53747,107494,107494,TRUE
GrupoK,ijk17,0,Stack,104199,52099,104199,104199,TRUE
GrupoK,ijk17,1,Stack,104199,52099,104199,104203,TRUE
GrupoK,ijk17,109,Stack,104199,52099,104199,104207,TRUE
GrupoK,ijk18,1,Stack,124669,62334,124669,124669,TRUE
GrupoK,ijk18,2,Stack,124669,62334,124669,124673,TRUE
GrupoK,ijk18,109,Stack,124669,62334,124669,124677,TRUE
GrupoK,ijk19,1,Stack,130908,65454,130908,130908,TRUE
GrupoK,ijk19,4,Stack,130908,65454,130908,130916,TRUE
GrupoK,ijk19,109,Stack,130908,65454,130908,130912,TRUE
GrupoK,ijk20,1,Stack,111446,55723,111446,111446,TRUE
GrupoK,ijk20,5,Stack,111446,55723,111446,111454,TRUE
GrupoK,ijk20,109,Stack,111446,55723,111446,111450,TRUE
GrupoK,ijk21,0,Stack,108653,54326,108653,108653,TRUE
GrupoK,ijk21,5,Stack,108653,54326,108653,108665,TRUE
GrupoK,ijk21,108,Stack,108653,54326,108653,108661,TRUE
GrupoK,ijk21,109,Stack,108653,54326,108653,108657,TRUE
GrupoK,ijk22,1,Stack,127687,63843,127687,127687,TRUE
GrupoK,ijk22,6,Stack,127687,63843,127687,127699,TRUE
GrupoK,ijk22,108,Stack,127687,63843,127687,127695,TRUE
GrupoK,ijk22,109,Stack,127687,63843,127687,127691,TRUE
GrupoK,ijk23,0,Stack,132200,66100,132200,132200,TRUE
GrupoK,ijk23,5,Stack,132200,66100,132200,132212,TRUE
GrupoK,ijk23,109,Stack,132200,66100,132200,132204,TRUE
GrupoK,ijk24,1,Stack,100080,50040,100080,100080,TRUE
GrupoK,ijk24,6,Stack,100080,50040,100080,100092,TRUE
GrupoM,abc00,98,Stack,120562,60281,120562,120574,TRUE
GrupoM,abc00,456,Stack,120562,60281,120562,120570,TRUE
GrupoM,abc01,-3,Stack,100696,50348,100696,100696,TRUE
GrupoM,abc01,432,Stack,100696,50348,100696,100700,TRUE
GrupoM,abc02,123,Stack,100516,50258,100516,100528,TRUE
GrupoM,abc02,357,Stack,100516,50258,100516,100524,TRUE
GrupoM,abc03,1,Stack,123187,61593,123187,123187,TRUE
GrupoM,abc03,393,Stack,123187,61593,123187,123191,TRUE
GrupoM,abc04,5,Stack,116678,58339,116678,116678,TRUE
GrupoM,abc04,615,Stack,116678,58339,116678,116686,TRUE
GrupoM,abc06,0,Stack,132140,66070,132140,132140,TRUE
GrupoM,abc06,1,Stack,132140,66070,132140,132144,TRUE
GrupoM,abc06,2,Stack,132140,66070,132140,132148,TRUE
GrupoM,abc06,3,Stack,132140,66070,132140,132152,TRUE
GrupoM,abc06,290,Stack,132140,66070,132140,132156,TRUE
GrupoM,abc07,0,Stack,115789,57894,115789,115793,TRUE
GrupoM,abc07,1,Stack,115789,57894,115789,115789,TRUE
GrupoM,abc07,2,Stack,115789,57894,115789,115797,TRUE
GrupoM,abc07,3,Stack,115789,57894,115789,115801,TRUE
GrupoM,abc07,322,Stack,115789,57894,115789,115805,TRUE
GrupoM,ijk00,456,Stack,112566,56283,112566,112574,TRUE
GrupoM,ijk00,923,Stack,112566,56283,112566,112566,TRUE
GrupoM,ijk00,1379,Stack,112566,56283,112566,112570,TRUE
GrupoM,ijk01,456,Stack,118225,59112,118225,118237,TRUE
GrupoM,ijk01,467,Stack,118225,59112,118225,118241,TRUE
GrupoM,ijk01,923,Stack,118225,59112,118225,118225,TRUE
GrupoM,ijk02,20,Stack,104807,52403,104807,104811,TRUE
GrupoM,ijk02,30,Stack,104807,52403,104807,104815,TRUE
GrupoM,ijk02,600,Stack,104807,52403,104807,104807,TRUE
GrupoM,ijk03,3,Stack,115509,57754,115509,115521,TRUE
GrupoM,ijk03,4,Stack,115509,57754,115509,115517,TRUE
GrupoM,ijk03,12,Stack,115509,57754,115509,115513,TRUE
GrupoM,ijk04,30,Stack,120613,60306,120613,120613,TRUE
GrupoM,ijk04,46,Stack,120613,60306,120613,120617,TRUE
GrupoM,ijk04,76,Stack,120613,60306,120613,120621,TRUE
GrupoM,ijk05,-18,Stack,128478,64239,128478,128482,TRUE
GrupoM,ijk05,-2,Stack,128478,64239,128478,128478,TRUE
GrupoM,ijk05,16,Stack,128478,64239,128478,128486,TRUE
GrupoM,ijk06,5,Stack,105286,52643,105286,105290,TRUE
GrupoM,ijk06,12,Stack,105286,52643,105286,105294,TRUE
GrupoM,ijk06,25,Stack,105286,52643,105286,105286,TRUE
GrupoM,ijk07,45,Stack,126994,63497,126994,126994,TRUE
GrupoM,ijk07,135,Stack,126994,63497,126994,126998,TRUE
GrupoM,ijk07,6075,Stack,126994,63497,126994,127002,TRUE
GrupoM,ijk08,3,Stack,100565,50282,100565,100573,TRUE
GrupoM,ijk08,15,Stack,100565,50282,100565,100569,TRUE
GrupoM,ijk08,55,Stack,100565,50282,100565,100565,TRUE
GrupoM,ijk09,3,Stack,124244,62122,124244,124252,TRUE
GrupoM,ijk09,15,Stack,124244,62122,124244,124248,TRUE
GrupoM,ijk09,46,Stack,124244,62122,124244,124244,TRUE
GrupoM,ijk10,2,Stack,122478,61239,122478,122486,TRUE
GrupoM,ijk10,300,Stack,122478,61239,122478,122478,TRUE
GrupoM,ijk10,400,Stack,122478,61239,122478,122482,TRUE
GrupoM,ijk11,2,Stack,125175,62587,125175,125183,TRUE
GrupoM,ijk11,400,Stack,125175,62587,125175,125179,TRUE
GrupoM,ijk11,800,Stack,125175,62587,125175,125175,TRUE
GrupoM,ijk12,20,Stack,122845,61422,122845,122845,TRUE
GrupoM,ijk13,2,Stack,127336,63668,127336,127336,TRUE
GrupoM,ijk14,393,Stack,119000,59500,119000,119000,TRUE
GrupoM,ijk14,394,Stack,119000,59500,119000,119004,TRUE
GrupoM,ijk15,-393,Stack,118854,59427,118854,118854,TRUE
GrupoM,ijk15,393,Stack,118854,59427,118854,118858,TRUE
GrupoM,ijk16,0,Stack,109264,54632,109264,109268,TRUE
GrupoM,ijk16,1,Stack,109264,54632,109264,109264,TRUE
GrupoM,ijk17,0,Stack,129105,64552,129105,129105,TRUE
GrupoM,ijk17,1,Stack,129105,64552,129105,129109,TRUE
GrupoM,ijk17,109,Stack,129105,64552,129105,129113,TRUE
GrupoM,ijk18,1,Stack,114644,57322,114644,114644,TRUE
GrupoM,ijk18,2,Stack,114644,57322,114644,114648,TRUE
GrupoM,ijk18,109,Stack,114644,57322,114644,114652,TRUE
GrupoM,ijk19,1,Stack,104940,52470,104940,104940,TRUE
GrupoM,ijk19,4,Stack,104940,52470,104940,104948,TRUE
GrupoM,ijk19,109,Stack,104940,52470,104940,104944,TRUE
GrupoM,ijk20,1,Stack,110020,55010,110020,110020,TRUE
GrupoM,ijk20,5,Stack,110020,55010,110020,110028,TRUE
GrupoM,ijk20,109,Stack,110020,55010,110020,110024,TRUE
GrupoM,ijk21,0,Stack,128338,64169,128338,128338,TRUE
GrupoM,ijk21,5,Stack,128338,64169,128338,128350,TRUE
GrupoM,ijk21,108,Stack,128338,64169,128338,128346,TRUE
GrupoM,ijk21,109,Stack,128338,64169,128338,128342,TRUE
GrupoM,ijk22,1,Stack,125937,62968,125937,125937,TRUE
GrupoM,ijk22,6,Stack,125937,62968,125937,125949,TRUE
GrupoM,ijk22,108,Stack,125937,62968,125937,125945,TRUE
GrupoM,ijk22,109,Stack,125937,62968,125937,125941,TRUE
GrupoM,ijk23,0,Stack,103939,51969,103939,103939,TRUE
GrupoM,ijk23,5,Stack,103939,51969,103939,103951,TRUE
GrupoM,ijk23,109,Stack,103939,51969,103939,103943,TRUE
GrupoM,ijk24,1,Stack,101352,50676,101352,101352,TRUE
GrupoM,ijk24,6,Stack,101352,50676,101352,101364,TRUE
GrupoO,abc00,98,Stack,114820,57410,114820,114832,TRUE
GrupoO,abc00,456,Stack,114820,57410,114820,114828,TRUE
GrupoO,abc01,-3,Stack,122811,61405,122811,122811,TRUE
GrupoO,abc01,432,Stack,122811,61405,122811,122815,TRUE
GrupoO,abc02,123,Stack,108546,54273,108546,108558,TRUE
GrupoO,abc02,357,Stack,108546,54273,108546,108554,TRUE
GrupoO,abc03,1,Stack,124485,62242,124485,124485,TRUE
GrupoO,abc03,393,Stack,124485,62242,124485,124489,TRUE
GrupoO,abc04,5,Stack,123095,61547,123095,123095,TRUE
GrupoO,abc04,615,Stack,123095,61547,123095,123103,TRUE
GrupoO,abc06,0,Stack,100227,50113,100227,100227,TRUE
GrupoO,abc06,1,Stack,100227,50113,100227,100231,TRUE
GrupoO,abc06,2,Stack,100227,50113,100227,100235,TRUE
GrupoO,abc06,3,Stack,100227,50113,100227,100239,TRUE
GrupoO,abc06,290,Stack,100227,50113,100227,100243,TRUE
GrupoO,abc07,0,Stack,127954,63977,127954,127958,TRUE
GrupoO,abc07,1,Stack,127954,63977,127954,127954,TRUE
GrupoO,abc07,2,Stack,127954,63977,127954,127962,TRUE
GrupoO,abc07,3,Stack,127954,63977,127954,127966,TRUE
GrupoO,abc07,322,Stack,127954,63977,127954,127970,TRUE
GrupoO,ijk00,456,Stack,111630,55815,111630,111638,TRUE
GrupoO,ijk00,923,Stack,111630,55815,111630,111630,TRUE
GrupoO,ijk00,1379,Stack,111630,55815,111630,111634,TRUE
GrupoO,ijk01,456,Stack,127947,63973,127947,127959,TRUE
GrupoO,ijk01,467,Stack,127947,63973,127947,127963,TRUE
GrupoO,ijk01,923,Stack,127947,63973,127947,127947,TRUE
GrupoO,ijk02,20,Stack,110669,55334,110669,110673,TRUE
GrupoO,ijk02,30,Stack,110669,55334,110669,110677,TRUE
GrupoO,ijk02,600,Stack,110669,55334,110669,110669,TRUE
GrupoO,ijk03,3,Stack,110951,55475,110951,110963,TRUE
GrupoO,ijk03,4,Stack,110951,55475,110951,110959,TRUE
GrupoO,ijk03,12,Stack,110951,55475,110951,110955,TRUE
GrupoO,ijk04,30,Stack,106880,53440,106880,106880,TRUE
GrupoO,ijk04,46,Stack,106880,53440,106880,106884,TRUE
GrupoO,ijk04,76,Stack,106880,53440,106880,106888,TRUE
GrupoO,ijk05,-18,Stack,108990,54495,108990,108994,TRUE
GrupoO,ijk05,-2,Stack,108990,54495,108990,108990,TRUE
GrupoO,ijk05,16,Stack,108990,54495,108990,108998,TRUE
GrupoO,ijk06,5,Stack,107687,53843,107687,107691,TRUE
GrupoO,ijk06,12,Stack,107687,53843,107687,107695,TRUE
GrupoO,ijk06,25,Stack,107687,53843,107687,107687,TRUE
GrupoO,ijk07,45,Stack,126511,63255,126511,126511,TRUE
GrupoO,ijk07,135,Stack,126511,63255,126511,126515,TRUE
GrupoO,ijk07,6075,Stack,126511,63255,126511,126519,TRUE
GrupoO,ijk08,3,Stack,120797,60398,120797,120805,TRUE
GrupoO,ijk08,15,Stack,120797,60398,120797,120801,TRUE
GrupoO,ijk08,55,Stack,120797,60398,120797,120797,TRUE
GrupoO,ijk09,3,Stack,128176,64088,128176,128184,TRUE
GrupoO,ijk09,15,Stack,128176,64088,128176,128180,TRUE
GrupoO,ijk09,46,Stack,128176,64088,128176,128176,TRUE
GrupoO,ijk10,2,Stack,102930,51465,102930,102938,TRUE
GrupoO,ijk10,300,Stack,102930,51465,102930,102930,TRUE
GrupoO,ijk10,400,Stack,102930,51465,102930,102934,TRUE
GrupoO,ijk11,2,Stack,124543,62271,124543,124551,TRUE
GrupoO,ijk11,400,Stack,124543,62271,124543,124547,TRUE
GrupoO,ijk11,800,Stack,124543,62271,124543,124543,TRUE
GrupoO,ijk12,20,Stack,119277,59638,119277,119277,TRUE
GrupoO,ijk13,2,Stack,102005,51002,102005,102005,TRUE
GrupoO,ijk14,393,Stack,110971,55485,110971,110971,TRUE
GrupoO,ijk14,394,Stack,110971,55485,110971,110975,TRUE
GrupoO,ijk15,-393,Stack,100531,50265,100531,100531,TRUE
GrupoO,ijk15,393,Stack,100531,50265,100531,100535,TRUE
GrupoO,ijk16,0,Stack,129255,64627,129255,129259,TRUE
GrupoO,ijk16,1,Stack,129255,64627,129255,129255,TRUE
GrupoO,ijk17,0,Stack,107982,53991,107982,107982,TRUE
GrupoO,ijk17,1,Stack,107982,53991,107982,107986,TRUE
GrupoO,ijk17,109,Stack,107982,53991,107982,107990,TRUE
GrupoO,ijk18,1,Stack,121926,60963,121926,121926,TRUE
GrupoO,ijk18,2,Stack,121926,60963,121926,121930,TRUE
GrupoO,ijk18,109,Stack,121926,60963,121926,121934,TRUE
GrupoO,ijk19,1,Stack,121763,60881,121763,121763,TRUE
GrupoO,ijk19,4,Stack,121763,60881,121763,121771,TRUE
GrupoO,ijk19,109,Stack,121763,60881,121763,121767,TRUE
GrupoO,ijk20,1,Stack,103393,51696,103393,103393,TRUE
GrupoO,ijk20,5,Stack,103393,51696,103393,103401,TRUE
GrupoO,ijk20,109,Stack,103393,51696,103393,103397,TRUE
GrupoO,ijk21,0,Stack,127043,63521,127043,127043,TRUE
GrupoO,ijk21,5,Stack,127043,63521,127043,127055,TRUE
GrupoO,ijk21,108,Stack,127043,63521,127043,127051,TRUE
GrupoO,ijk21,109,Stack,127043,63521,127043,127047,TRUE
GrupoO,ijk22,1,Stack,115558,57779,115558,115558,TRUE
GrupoO,ijk22,6,Stack,115558,57779,115558,115570,TRUE
GrupoO,ijk22,108,Stack,115558,57779,115558,115566,TRUE
GrupoO,ijk22,109,Stack,115558,57779,115558,115562,TRUE
GrupoO,ijk23,0,Stack,123191,61595,123191,123191,TRUE
GrupoO,ijk23,5,Stack,123191,61595,123191,123203,TRUE
GrupoO,ijk23,109,Stack,123191,61595,123191,123195,TRUE
GrupoO,ijk24,1,Stack,119429,59714,119429,119429,TRUE
GrupoO,ijk24,6,Stack,119429,59714,119429,119441,TRUE
GrupoP,abc00,98,Stack,127728,63864,127728,127740,TRUE
GrupoP,abc00,456,Stack,127728,63864,127728,127736,TRUE
GrupoP,abc01,-3,Stack,101219,50609,101219,101219,TRUE
GrupoP,abc01,432,Stack,101219,50609,101219,101223,TRUE
GrupoP,abc02,123,Stack,129106,64553,129106,129118,TRUE
GrupoP,abc02,357,Stack,129106,64553,129106,129114,TRUE
GrupoP,abc03,1,Stack,112808,56404,112808,112808,TRUE
GrupoP,abc03,393,Stack,112808,56404,112808,112812,TRUE
GrupoP,abc04,5,Stack,100893,50446,100893,100893,TRUE
GrupoP,abc04,615,Stack,100893,50446,100893,100901,TRUE
GrupoP,abc06,0,Stack,116359,58179,116359,116359,TRUE
GrupoP,abc06,1,Stack,116359,58179,116359,116363,TRUE
GrupoP,abc06,2,Stack,116359,58179,116359,116367,TRUE
GrupoP,abc06,3,Stack,116359,58179,116359,116371,TRUE
GrupoP,abc06,290,Stack,116359,58179,116359,116375,TRUE
GrupoP,abc07,0,Stack,104414,52207,104414,104418,TRUE
GrupoP,abc07,1,Stack,104414,52207,104414,104414,TRUE
GrupoP,abc07,2,Stack,104414,52207,104414,104422,TRUE
GrupoP,abc07,3,Stack,104414,52207,104414,104426,TRUE
GrupoP,abc07,322,Stack,104414,52207,104414,104430,TRUE
GrupoP,ijk00,456,Stack,131559,65779,131559,131567,TRUE
GrupoP,ijk00,923,Stack,131559,65779,131559,131559,TRUE
GrupoP,ijk00,1379,Stack,131559,65779,131559,131563,TRUE
GrupoP,ijk01,456,Stack,114605,57302,114605,114617,TRUE
GrupoP,ijk01,467,Stack,114605,57302,114605,114621,TRUE
GrupoP,ijk01,923,Stack,114605,57302,114605,114605,TRUE
GrupoP,ijk02,20,Stack,119117,59558,119117,119121,TRUE
GrupoP,ijk02,30,Stack,119117,59558,119117,119125,TRUE
GrupoP,ijk02,600,Stack,119117,59558,119117,119117,TRUE
GrupoP,ijk03,3,Stack,126518,63259,126518,126530,TRUE
GrupoP,ijk03,4,Stack,126518,63259,126518,126526,TRUE
GrupoP,ijk03,12,Stack,126518,63259,126518,126522,TRUE
GrupoP,ijk04,30,Stack,106587,53293,106587,106587,TRUE
GrupoP,ijk04,46,Stack,106587,53293,106587,106591,TRUE
GrupoP,ijk04,76,Stack,106587,53293,106587,106595,TRUE
GrupoP,ijk05,-18,Stack,131007,65503,131007,131011,TRUE
GrupoP,ijk05,-2,Stack,131007,65503,131007,131007,TRUE
GrupoP,ijk05,16,Stack,131007,65503,131007,131015,TRUE
GrupoP,ijk06,5,Stack,117442,58721,117442,117446,TRUE
GrupoP,ijk06,12,Stack,117442,58721,117442,117450,TRUE
GrupoP,ijk06,25,Stack,117442,58721,117442,117442,TRUE
GrupoP,ijk07,45,Stack,116000,58000,116000,116000,TRUE
GrupoP,ijk07,135,Stack,116000,58000,116000,116004,TRUE
GrupoP,ijk07,6075,Stack,116000,58000,116000,116008,TRUE
GrupoP,ijk08,3,Stack,129737,64868,129737,129745,TRUE
GrupoP,ijk08,15,Stack,129737,64868,129737,129741,TRUE
GrupoP,ijk08,55,Stack,129737,64868,129737,129737,TRUE
GrupoP,ijk09,3,Stack,131117,65558,131117,131125,TRUE
GrupoP,ijk09,15,Stack,131117,65558,131117,131121,TRUE
GrupoP,ijk09,46,Stack,131117,65558,131117,131117,TRUE
GrupoP,ijk10,2,Stack,120746,60373,120746,120754,TRUE
GrupoP,ijk10,300,Stack,120746,60373,120746,120746,TRUE
GrupoP,ijk10,400,Stack,120746,60373,120746,120750,TRUE
GrupoP,ijk11,2,Stack,119126,59563,119126,119134,TRUE
GrupoP,ijk11,400,Stack,119126,59563,119126,119130,TRUE
GrupoP,ijk11,800,Stack,119126,59563,119126,119126,TRUE
GrupoP,ijk12,20,Stack,105216,52608,105216,105216,TRUE
GrupoP,ijk13,2,Stack,120225,60112,120225,120225,TRUE
GrupoP,ijk14,393,Stack,116721,58360,116721,116721,TRUE
GrupoP,ijk14,394,Stack,116721,58360,116721,116725,TRUE
GrupoP,ijk15,-393,Stack,119704,59852,119704,119704,TRUE
GrupoP,ijk15,393,Stack,119704,59852,119704,119708,TRUE
GrupoP,ijk16,0,Stack,100636,50318,100636,100640,TRUE
GrupoP,ijk16,1,Stack,100636,50318,100636,100636,TRUE
GrupoP,ijk17,0,Stack,130243,65121,130243,130243,TRUE
GrupoP,ijk17,1,Stack,130243,65121,130243,130247,TRUE
GrupoP,ijk17,109,Stack,130243,65121,130243,130251,TRUE
GrupoP,ijk18,1,Stack,103855,51927,103855,103855,TRUE
GrupoP,ijk18,2,Stack,103855,51927,103855,103859,TRUE
GrupoP,ijk18,109,Stack,103855,51927,103855,103863,TRUE
GrupoP,ijk19,1,Stack,106189,53094,106189,106189,TRUE
GrupoP,ijk19,4,Stack,106189,53094,106189,106197,TRUE
GrupoP,ijk19,109,Stack,106189,53094,106189,106193,TRUE
GrupoP,ijk20,1,Stack,115229,57614,115229,115229,TRUE
GrupoP,ijk20,5,Stack,115229,57614,115229,115237,TRUE
GrupoP,ijk20,109,Stack,115229,57614,115229,115233,TRUE
GrupoP,ijk21,0,Stack,116660,58330,116660,116660,TRUE
GrupoP,ijk21,5,Stack,116660,58330,116660,116672,TRUE
GrupoP,ijk21,108,Stack,116660,58330,116660,116668,TRUE
GrupoP,ijk21,109,Stack,116660,58330,116660,116664,TRUE
GrupoP,ijk22,1,Stack,111625,55812,111625,111625,TRUE
GrupoP,ijk22,6,Stack,111625,55812,111625,111637,TRUE
GrupoP,ijk22,108,Stack,111625,55812,111625,111633,TRUE
GrupoP,ijk22,109,Stack,111625,55812,111625,111629,TRUE
GrupoP,ijk23,0,Stack,117304,58652,117304,117304,TRUE
GrupoP,ijk23,5,Stack,117304,58652,117304,117316,TRUE
GrupoP,ijk23,109,Stack,117304,58652,117304,117308,TRUE
GrupoP,ijk24,1,Stack,111476,55738,111476,111476,TRUE
GrupoP,ijk24,6,Stack,111476,55738,111476,111488,TRUE
GrupoR,abc00,98,Stack,132067,66033,132067,132079,TRUE
GrupoR,abc00,456,Stack,132067,66033,132067,132075,TRUE
GrupoR,abc01,-3,Stack,113045,56522,113045,113045,TRUE
GrupoR,abc01,432,Stack,113045,56522,113045,113049,TRUE
GrupoR,abc02,123,Stack,126679,63339,126679,126691,TRUE
GrupoR,abc02,357,Stack,126679,63339,126679,126687,TRUE
GrupoR,abc03,1,Stack,107752,53876,107752,107752,TRUE
GrupoR,abc03,393,Stack,107752,53876,107752,107756,TRUE
GrupoR,abc04,5,Stack,113513,56756,113513,113513,TRUE
GrupoR,abc04,615,Stack,113513,56756,113513,113521,TRUE
GrupoR,abc06,0,Stack,126257,63128,126257,126257,TRUE
GrupoR,abc06,1,Stack,126257,63128,126257,126261,TRUE
GrupoR,abc06,2,Stack,126257,63128,126257,126265,TRUE
GrupoR,abc06,3,Stack,126257,63128,126257,126269,TRUE
GrupoR,abc06,290,Stack,126257,63128,126257,126273,TRUE
GrupoR,abc07,0,Stack,125788,62894,125788,125792,TRUE
GrupoR,abc07,1,Stack,125788,62894,125788,125788,TRUE
GrupoR,abc07,2,Stack,125788,62894,125788,125796,TRUE
GrupoR,abc07,3,Stack,125788,62894,125788,125800,TRUE
GrupoR,abc07,322,Stack,125788,62894,125788,125804,TRUE
GrupoR,ijk00,456,Stack,126995,63497,126995,127003,TRUE
GrupoR,ijk00,923,Stack,126995,63497,126995,126995,TRUE
GrupoR,ijk00,1379,Stack,126995,63497,126995,126999,TRUE
GrupoR,ijk01,456,Stack,109018,54509,109018,109030,TRUE
GrupoR,ijk01,467,Stack,109018,54509,109018,109034,TRUE
GrupoR,ijk01,923,Stack,109018,54509,109018,109018,TRUE
GrupoR,ijk02,20,Stack,125810,62905,125810,125814,TRUE
GrupoR,ijk02,30,Stack,125810,62905,125810,125818,TRUE
GrupoR,ijk02,600,Stack,125810,62905,125810,125810,TRUE
GrupoR,ijk03,3,Stack,129146,64573,129146,129158,TRUE
GrupoR,ijk03,4,Stack,129146,64573,129146,129154,TRUE
GrupoR,ijk03,12,Stack,129146,64573,129146,129150,TRUE
GrupoR,ijk04,30,Stack,116675,58337,116675,116675,TRUE
GrupoR,ijk04,46,Stack,116675,58337,116675,116679,TRUE
GrupoR,ijk04,76,Stack,116675,58337,116675,116683,TRUE
GrupoR,ijk05,-18,Stack,109570,54785,109570,109574,TRUE
GrupoR,ijk05,-2,Stack,109570,54785,109570,109570,TRUE
GrupoR,ijk05,16,Stack,109570,54785,109570,109578,TRUE
GrupoR,ijk06,5,Stack,101404,50702,101404,101408,TRUE
GrupoR,ijk06,12,Stack,101404,50702,101404,101412,TRUE
GrupoR,ijk06,25,Stack,101404,50702,101404,101404,TRUE
GrupoR,ijk07,45,Stack,129615,64807,129615,129615,TRUE
GrupoR,ijk07,135,Stack,129615,64807,129615,129619,TRUE
GrupoR,ijk07,6075,Stack,129615,64807,129615,129623,TRUE
GrupoR,ijk08,3,Stack,103948,51974,103948,103956,TRUE
GrupoR,ijk08,15,Stack,103948,51974,103948,103952,TRUE
GrupoR,ijk08,55,Stack,103948,51974,103948,103948,TRUE
GrupoR,ijk09,3,Stack,101753,50876,101753,101761,TRUE
GrupoR,ijk09,15,Stack,101753,50876,101753,101757,TRUE
GrupoR,ijk09,46,Stack,101753,50876,101753,101753,TRUE
GrupoR,ijk10,2,Stack,102654,51327,102654,102662,TRUE
GrupoR,ijk10,300,Stack,102654,51327,102654,102654,TRUE
GrupoR,ijk10,400,Stack,102654,51327,102654,102658,TRUE
GrupoR,ijk11,2,Stack,106477,53238,106477,106485,TRUE
GrupoR,ijk11,400,Stack,106477,53238,106477,106481,TRUE
GrupoR,ijk11,800,Stack,106477,53238,106477,106477,TRUE
GrupoR,ijk12,20,Stack,114652,57326,114652,114652,TRUE
GrupoR,ijk13,2,Stack,121085,60542,121085,121085,TRUE
GrupoR,ijk14,393,Stack,125923,62961,125923,125923,TRUE
GrupoR,ijk14,394,Stack,125923,62961,125923,125927,TRUE
GrupoR,ijk15,-393,Stack,115962,57981,115962,115962,TRUE
GrupoR,ijk15,393,Stack,115962,57981,115962,115966,TRUE
GrupoR,ijk16,0,Stack,110810,55405,110810,110814,TRUE
GrupoR,ijk16,1,Stack,110810,55405,110810,110810,TRUE
GrupoR,ijk17,0,Stack,126016,63008,126016,126016,TRUE
GrupoR,ijk17,1,Stack,126016,63008,126016,126020,TRUE
GrupoR,ijk17,109,Stack,126016,63008,126016,126024,TRUE
GrupoR,ijk18,1,Stack,114509,57254,114509,114509,TRUE
GrupoR,ijk18,2,Stack,114509,57254,114509,114513,TRUE
GrupoR,ijk18,109,Stack,114509,57254,114509,114517,TRUE
GrupoR,ijk19,1,Stack,118819,59409,118819,118819,TRUE
GrupoR,ijk19,4,Stack,118819,59409,118819,118827,TRUE
GrupoR,ijk19,109,Stack,118819,59409,118819,118823,TRUE
GrupoR,ijk20,1,Stack,130873,65436,130873,130873,TRUE
GrupoR,ijk20,5,Stack,130873,65436,130873,130881,TRUE
GrupoR,ijk20,109,Stack,130873,65436,130873,130877,TRUE
GrupoR,ijk21,0,Stack,104018,52009,104018,104018,TRUE
GrupoR,ijk21,5,Stack,104018,52009,104018,104030,TRUE
GrupoR,ijk21,108,Stack,104018,52009,104018,104026,TRUE
GrupoR,ijk21,109,Stack,104018,52009,104018,104022,TRUE
GrupoR,ijk22,1,Stack,127985,63992,127985,127985,TRUE
GrupoR,ijk22,6,Stack,127985,63992,127985,127997,TRUE
GrupoR,ijk22,108,Stack,127985,63992,127985,127993,TRUE
GrupoR,ijk22,109,Stack,127985,63992,127985,127989,TRUE
GrupoR,ijk23,0,Stack,124415,62207,124415,124415,TRUE
GrupoR,ijk23,5,Stack,124415,62207,124415,124427,TRUE
GrupoR,ijk23,109,Stack,124415,62207,124415,124419,TRUE
GrupoR,ijk24,1,Stack,109252,54626,109252,109252,TRUE
GrupoR,ijk24,6,Stack,109252,54626,109252,109264,TRUE
GrupoS,abc00,98,Stack,119353,59676,119353,119365,TRUE
GrupoS,abc00,456,Stack,119353,59676,119353,119361,TRUE
GrupoS,abc01,-3,Stack,118438,59219,118438,118438,TRUE
GrupoS,abc01,432,Stack,118438,59219,118438,118442,TRUE
GrupoS,abc02,123,Stack,100274,50137,100274,100286,TRUE
GrupoS,abc02,357,Stack,100274,50137,100274,100282,TRUE
GrupoS,abc03,1,Stack,126433,63216,126433,126433,TRUE
GrupoS,abc03,393,Stack,126433,63216,126433,126437,TRUE
GrupoS,abc04,5,Stack,123295,61647,123295,123295,TRUE
GrupoS,abc04,615,Stack,123295,61647,123295,123303,TRUE
GrupoS,abc06,0,Stack,129177,64588,129177,129177,TRUE
GrupoS,abc06,1,Stack,129177,64588,129177,129181,TRUE
GrupoS,abc06,2,Stack,129177,64588,129177,129185,TRUE
GrupoS,abc06,3,Stack,129177,64588,129177,129189,TRUE
GrupoS,abc06,290,Stack,129177,64588,129177,129193,TRUE
GrupoS,abc07,0,Stack,123491,61745,123491,123495,TRUE
GrupoS,abc07,1,Stack,123491,61745,123491,123491,TRUE
GrupoS,abc07,2,Stack,123491,61745,123491,123499,TRUE
GrupoS,abc07,3,Stack,123491,61745,123491,123503,TRUE
GrupoS,abc07,322,Stack,123491,61745,123491,123507,TRUE
GrupoS,ijk00,456,Stack,131412,65706,131412,131420,TRUE
GrupoS,ijk00,923,Stack,131412,65706,131412,131412,TRUE
GrupoS,ijk00,1379,Stack,131412,65706,131412,131416,TRUE
GrupoS,ijk01,456,Stack,120734,60367,120734,120746,TRUE
GrupoS,ijk01,467,Stack,120734,60367,120734,120750,TRUE
GrupoS,ijk01,923,Stack,120734,60367,120734,120734,TRUE
GrupoS,ijk02,20,Stack,104092,52046,104092,104096,TRUE
GrupoS,ijk02,30,Stack,104092,52046,104092,104100,TRUE
GrupoS,ijk02,600,Stack,104092,52046,104092,104092,TRUE
GrupoS,ijk03,3,Stack,100487,50243,100487,100499,TRUE
GrupoS,ijk03,4,Stack,100487,50243,100487,100495,TRUE
GrupoS,ijk03,12,Stack,100487,50243,100487,100491,TRUE
GrupoS,ijk04,30,Stack,126090,63045,126090,126090,TRUE
GrupoS,ijk04,46,Stack,126090,63045,126090,126094,TRUE
GrupoS,ijk04,76,Stack,126090,63045,126090,126098,TRUE
GrupoS,ijk05,-18,Stack,103942,51971,103942,103946,TRUE
GrupoS,ijk05,-2,Stack,103942,51971,103942,103942,TRUE
GrupoS,ijk05,16,Stack,103942,51971,103942,103950,TRUE
GrupoS,ijk06,5,Stack,119289,59644,119289,119293,TRUE
GrupoS,ijk06,12,Stack,119289,59644,119289,119297,TRUE
GrupoS,ijk06,25,Stack,119289,59644,119289,119289,TRUE
GrupoS,ijk07,45,Stack,116357,58178,116357,116357,TRUE
GrupoS,ijk07,135,Stack,116357,58178,116357,116361,TRUE
GrupoS,ijk07,6075,Stack,116357,58178,116357,116365,TRUE
GrupoS,ijk08,3,Stack,132592,66296,132592,132600,TRUE
GrupoS,ijk08,15,Stack,132592,66296,132592,132596,TRUE
GrupoS,ijk08,55,Stack,132592,66296,132592,132592,TRUE
GrupoS,ijk09,3,Stack,111431,55715,111431,111439,TRUE
GrupoS,ijk09,15,Stack,111431,55715,111431,111435,TRUE
GrupoS,ijk09,46,Stack,111431,55715,111431,111431,TRUE
GrupoS,ijk10,2,Stack,131957,65978,131957,131965,TRUE
GrupoS,ijk10,300,Stack,131957,65978,131957,131957,TRUE
GrupoS,ijk10,400,Stack,131957,65978,131957,131961,TRUE
GrupoS,ijk11,2,Stack,110580,55290,110580,110588,TRUE
GrupoS,ijk11,400,Stack,110580,55290,110580,110584,TRUE
GrupoS,ijk11,800,Stack,110580,55290,110580,110580,TRUE
GrupoS,ijk12,20,Stack,123437,61718,123437,123437,TRUE
GrupoS,ijk13,2,Stack,113779,56889,113779,113779,TRUE
GrupoS,ijk14,393,Stack,109775,54887,109775,109775,TRUE
GrupoS,ijk14,394,Stack,109775,54887,109775,109779,TRUE
GrupoS,ijk15,-393,Stack,128166,64083,128166,128166,TRUE
GrupoS,ijk15,393,Stack,128166,64083,128166,128170,TRUE
GrupoS,ijk16,0,Stack,132250,66125,132250,132254,TRUE
GrupoS,ijk16,1,Stack,132250,66125,132250,132250,TRUE
GrupoS,ijk17,0,Stack,127751,63875,127751,127751,TRUE
GrupoS,ijk17,1,Stack,127751,63875,127751,127755,TRUE
GrupoS,ijk17,109,Stack,127751,63875,127751,127759,TRUE
GrupoS,ijk18,1,Stack,104802,52401,104802,104802,TRUE
GrupoS,ijk18,2,Stack,104802,52401,104802,104806,TRUE
GrupoS,ijk18,109,Stack,104802,52401,104802,104810,TRUE
GrupoS,ijk19,1,Stack,107113,53556,107113,107113,TRUE
GrupoS,ijk19,4,Stack,107113,53556,107113,107121,TRUE
GrupoS,ijk19,109,Stack,107113,53556,107113,107117,TRUE
GrupoS,ijk20,1,Stack,120208,60104,120208,120208,TRUE
GrupoS,ijk20,5,Stack,120208,60104,120208,120216,TRUE
GrupoS,ijk20,109,Stack,120208,60104,120208,120212,TRUE
GrupoS,ijk21,0,Stack,109394,54697,109394,109394,TRUE
GrupoS,ijk21,5,Stack,109394,54697,109394,109406,TRUE
GrupoS,ijk21,108,Stack,109394,54697,109394,109402,TRUE
GrupoS,ijk21,109,Stack,109394,54697,109394,109398,TRUE
GrupoS,ijk22,1,Stack,110030,55015,110030,110030,TRUE
GrupoS,ijk22,6,Stack,110030,55015,110030,110042,TRUE
GrupoS,ijk22,108,Stack,110030,55015,110030,110038,TRUE
GrupoS,ijk22,109,Stack,110030,55015,110030,110034,TRUE
GrupoS,ijk23,0,Stack,117311,58655,117311,117311,TRUE
GrupoS,ijk23,5,Stack,117311,58655,117311,117323,TRUE
GrupoS,ijk23,109,Stack,117311,58655,117311,117315,TRUE
GrupoS,ijk24,1,Stack,117089,58544,117089,117089,TRUE
GrupoS,ijk24,6,Stack,117089,58544,117089,117101,TRUE
GrupoT,abc00,98,Stack,101510,50755,101510,101522,TRUE
GrupoT,abc00,456,Stack,101510,50755,101510,101518,TRUE
GrupoT,abc01,-3,Stack,116191,58095,116191,116191,TRUE
GrupoT,abc01,432,Stack,116191,58095,116191,116195,TRUE
GrupoT,abc02,123,Stack,106333,53166,106333,106345,TRUE
GrupoT,abc02,357,Stack,106333,53166,106333,106341,TRUE
GrupoT,abc03,1,Stack,112549,56274,112549,112549,TRUE
GrupoT,abc03,393,Stack,112549,56274,112549,112553,TRUE
GrupoT,abc04,5,Stack,113693,56846,113693,113693,TRUE
GrupoT,abc04,615,Stack,113693,56846,113693,113701,TRUE
GrupoT,abc06,0,Stack,126332,63166,126332,126332,TRUE
GrupoT,abc06,1,Stack,126332,63166,126332,126336,TRUE
GrupoT,abc06,2,Stack,126332,63166,126332,126340,TRUE
GrupoT,abc06,3,Stack,126332,63166,126332,126344,TRUE
GrupoT,abc06,290,Stack,126332,63166,126332,126348,TRUE
GrupoT,abc07,0,Stack,130771,65385,130771,130775,TRUE
GrupoT,abc07,1,Stack,130771,65385,130771,130771,TRUE
GrupoT,abc07,2,Stack,130771,65385,130771,130779,TRUE
GrupoT,abc07,3,Stack,130771,65385,130771,130783,TRUE
GrupoT,abc07,322,Stack,130771,65385,130771,130787,TRUE
GrupoT,ijk00,456,Stack,115366,57683,115366,115374,TRUE
GrupoT,ijk00,923,Stack,115366,57683,115366,115366,TRUE
GrupoT,ijk00,1379,Stack,115366,57683,115366,115370,TRUE
GrupoT,ijk01,456,Stack,129913,64956,129913,129925,TRUE
GrupoT,ijk01,467,Stack,129913,64956,129913,129929,TRUE
GrupoT,ijk01,923,Stack,129913,64956,129913,129913,TRUE
GrupoT,ijk02,20,Stack,103462,51731,103462,103466,TRUE
GrupoT,ijk02,30,Stack,103462,51731,103462,103470,TRUE
GrupoT,ijk02,600,Stack,103462,51731,103462,103462,TRUE
GrupoT,ijk03,3,Stack,128703,64351,128703,128715,TRUE
GrupoT,ijk03,4,Stack,128703,64351,128703,128711,TRUE
GrupoT,ijk03,12,Stack,128703,64351,128703,128707,TRUE
GrupoT,ijk04,30,Stack,127047,63523,127047,127047,TRUE
GrupoT,ijk04,46,Stack,127047,63523,127047,127051,TRUE
GrupoT,ijk04,76,Stack,127047,63523,127047,127055,TRUE
GrupoT,ijk05,-18,Stack,110298,55149,110298,110302,TRUE
GrupoT,ijk05,-2,Stack,110298,55149,110298,110298,TRUE
GrupoT,ijk05,16,Stack,110298,55149,110298,110306,TRUE
GrupoT,ijk06,5,Stack,111702,55851,111702,111706,TRUE
GrupoT,ijk06,12,Stack,111702,55851,111702,111710,TRUE
GrupoT,ijk06,25,Stack,111702,55851,111702,111702,TRUE
GrupoT,ijk07,45,Stack,125976,62988,125976,125976,TRUE
GrupoT,ijk07,135,Stack,125976,62988,125976,125980,TRUE
GrupoT,ijk07,6075,Stack,125976,62988,125976,125984,TRUE
GrupoT,ijk08,3,Stack,121444,60722,121444,121452,TRUE
GrupoT,ijk08,15,Stack,121444,60722,121444,121448,TRUE
GrupoT,ijk08,55,Stack,121444,60722,121444,121444,TRUE
GrupoT,ijk09,3,Stack,129470,64735,129470,129478,TRUE
GrupoT,ijk09,15,Stack,129470,64735,129470,129474,TRUE
GrupoT,ijk09,46,Stack,129470,64735,129470,129470,TRUE
GrupoT,ijk10,2,Stack,103959,51979,103959,103967,TRUE
GrupoT,ijk10,300,Stack,103959,51979,103959,103959,TRUE
GrupoT,ijk10,400,Stack,103959,51979,103959,103963,TRUE
GrupoT,ijk11,2,Stack,119040,59520,119040,119048,TRUE
GrupoT,ijk11,400,Stack,119040,59520,119040,119044,TRUE
GrupoT,ijk11,800,Stack,119040,59520,119040,119040,TRUE
GrupoT,ijk12,20,Stack,115340,57670,115340,115340,TRUE
GrupoT,ijk13,2,Stack,126594,63297,126594,126594,TRUE
GrupoT,ijk14,393,Stack,109923,54961,109923,109923,TRUE
GrupoT,ijk14,394,Stack,109923,54961,109923,109927,TRUE
GrupoT,ijk15,-393,Stack,112183,56091,112183,112183,TRUE
GrupoT,ijk15,393,Stack,112183,56091,112183,112187,TRUE
GrupoT,ijk16,0,Stack,103310,51655,103310,103314,TRUE
GrupoT,ijk16,1,Stack,103310,51655,103310,103310,TRUE
GrupoT,ijk17,0,Stack,123712,61856,123712,123712,TRUE
GrupoT,ijk17,1,Stack,123712,61856,123712,123716,TRUE
GrupoT,ijk17,109,Stack,123712,61856,123712,123720,TRUE
GrupoT,ijk18,1,Stack,127172,63586,127172,127172,TRUE
GrupoT,ijk18,2,Stack,127172,63586,127172,127176,TRUE
GrupoT,ijk18,109,Stack,127172,63586,127172,127180,TRUE
GrupoT,ijk19,1,Stack,132606,66303,132606,132606,TRUE
GrupoT,ijk19,4,Stack,132606,66303,132606,132614,TRUE
GrupoT,ijk19,109,Stack,132606,66303,132606,132610,TRUE
GrupoT,ijk20,1,Stack,115747,57873,115747,115747,TRUE
GrupoT,ijk20,5,Stack,115747,57873,115747,115755,TRUE
GrupoT,ijk20,109,Stack,115747,57873,115747,115751,TRUE
GrupoT,ijk21,0,Stack,106321,53160,106321,106321,TRUE
GrupoT,ijk21,5,Stack,106321,53160,106321,106333,TRUE
GrupoT,ijk21,108,Stack,106321,53160,106321,106329,TRUE
GrupoT,ijk21,109,Stack,106321,53160,106321,106325,TRUE
GrupoT,ijk22,1,Stack,129523,64761,129523,129523,TRUE
GrupoT,ijk22,6,Stack,129523,64761,129523,129535,TRUE
GrupoT,ijk22,108,Stack,129523,64761,129523,129531,TRUE
GrupoT,ijk22,109,Stack,129523,64761,129523,129527,TRUE
GrupoT,ijk23,0,Stack,106177,53088,106177,106177,TRUE
GrupoT,ijk23,5,Stack,106177,53088,106177,106189,TRUE
GrupoT,ijk23,109,Stack,106177,53088,106177,106181,TRUE
GrupoT,ijk24,1,Stack,119517,59758,119517,119517,TRUE
GrupoT,ijk24,6,Stack,119517,59758,119517,119529,TRUE
GrupoZ,abc00,98,Stack,115037,57518,115037,115049,TRUE
GrupoZ,abc00,456,Stack,115037,57518,115037,115045,TRUE
GrupoZ,abc01,-3,Stack,107456,53728,107456,107456,TRUE
GrupoZ,abc01,432,Stack,107456,53728,107456,107460,TRUE
GrupoZ,abc02,123,Stack,129059,64529,129059,129071,TRUE
GrupoZ,abc02,357,Stack,129059,64529,129059,129067,TRUE
GrupoZ,abc03,1,Stack,105045,52522,105045,105045,TRUE
GrupoZ,abc03,393,Stack,105045,52522,105045,105049,TRUE
GrupoZ,abc04,5,Stack,105459,52729,105459,105459,TRUE
GrupoZ,abc04,615,Stack,105459,52729,105459,105467,TRUE
GrupoZ,abc06,0,Stack,122456,61228,122456,122456,TRUE
GrupoZ,abc06,1,Stack,122456,61228,122456,122460,TRUE
GrupoZ,abc06,2,Stack,122456,61228,122456,122464,TRUE
GrupoZ,abc06,3,Stack,122456,61228,122456,122468,TRUE
GrupoZ,abc06,290,Stack,122456,61228,122456,122472,TRUE
GrupoZ,abc07,0,Stack,126861,63430,126861,126865,TRUE
GrupoZ,abc07,1,Stack,126861,63430,126861,126861,TRUE
GrupoZ,abc07,2,Stack,126861,63430,126861,126869,TRUE
GrupoZ,abc07,3,Stack,126861,63430,126861,126873,TRUE
GrupoZ,abc07,322,Stack,126861,63430,126861,126877,TRUE
GrupoZ,ijk00,456,Stack,131776,65888,131776,131784,TRUE
GrupoZ,ijk00,923,Stack,131776,65888,131776,131776,TRUE
GrupoZ,ijk00,1379,Stack,131776,65888,131776,131780,TRUE
GrupoZ,ijk01,456,Stack,130583,65291,130583,130595,TRUE
GrupoZ,ijk01,467,Stack,130583,65291,130583,130599,TRUE
GrupoZ,ijk01,923,Stack,130583,65291,130583,130583,TRUE
GrupoZ,ijk02,20,Stack,110351,55175,110351,110355,TRUE
GrupoZ,ijk02,30,Stack,110351,55175,110351,110359,TRUE
GrupoZ,ijk02,600,Stack,110351,55175,110351,110351,TRUE
GrupoZ,ijk03,3,Stack,121735,60867,121735,121747,TRUE
GrupoZ,ijk03,4,Stack,121735,60867,121735,121743,TRUE
GrupoZ,ijk03,12,Stack,121735,60867,121735,121739,TRUE
GrupoZ,ijk04,30,Stack,121591,60795,121591,121591,TRUE
GrupoZ,ijk04,46,Stack,121591,60795,121591,121595,TRUE
GrupoZ,ijk04,76,Stack,121591,60795,121591,121599,TRUE
GrupoZ,ijk05,-18,Stack,122989,61494,122989,122993,TRUE
GrupoZ,ijk05,-2,Stack,122989,61494,122989,122989,TRUE
GrupoZ,ijk05,16,Stack,122989,61494,122989,122997,TRUE
GrupoZ,ijk06,5,Stack,115522,57761,115522,115526,TRUE
GrupoZ,ijk06,12,Stack,115522,57761,115522,115530,TRUE
GrupoZ,ijk06,25,Stack,115522,57761,115522,115522,TRUE
GrupoZ,ijk07,45,Stack,131087,65543,131087,131087,TRUE
GrupoZ,ijk07,135,Stack,131087,65543,131087,131091,TRUE
GrupoZ,ijk07,6075,Stack,131087,65543,131087,131095,TRUE
GrupoZ,ijk08,3,Stack,108514,54257,108514,108522,TRUE
GrupoZ,ijk08,15,Stack,108514,54257,108514,108518,TRUE
GrupoZ,ijk08,55,Stack,108514,54257,108514,108514,TRUE
GrupoZ,ijk09,3,Stack,107176,53588,107176,107184,TRUE
GrupoZ,ijk09,15,Stack,107176,53588,107176,107180,TRUE
GrupoZ,ijk09,46,Stack,107176,53588,107176,107176,TRUE
GrupoZ,ijk10,2,Stack,108203,54101,108203,108211,TRUE
GrupoZ,ijk10,300,Stack,108203,54101,108203,108203,TRUE
GrupoZ,ijk10,400,Stack,108203,54101,108203,108207,TRUE
GrupoZ,ijk11,2,Stack,100049,50024,100049,100057,TRUE
GrupoZ,ijk11,400,Stack,100049,50024,100049,100053,TRUE
GrupoZ,ijk11,800,Stack,100049,50024,100049,100049,TRUE
GrupoZ,ijk12,20,Stack,108501,54250,108501,108501,TRUE
GrupoZ,ijk13,2,Stack,126073,63036,126073,126073,TRUE
GrupoZ,ijk14,393,Stack,108784,54392,108784,108784,TRUE
GrupoZ,ijk14,394,Stack,108784,54392,108784,108788,TRUE
GrupoZ,ijk15,-393,Stack,106777,53388,106777,106777,TRUE
GrupoZ,ijk15,393,Stack,106777,53388,106777,106781,TRUE
GrupoZ,ijk16,0,Stack,117314,58657,117314,117318,TRUE
GrupoZ,ijk16,1,Stack,117314,58657,117314,117314,TRUE
GrupoZ,ijk17,0,Stack,107746,53873,107746,107746,TRUE
GrupoZ,ijk17,1,Stack,107746,53873,107746,107750,TRUE
GrupoZ,ijk17,109,Stack,107746,53873,107746,107754,TRUE
GrupoZ,ijk18,1,Stack,109697,54848,109697,109697,TRUE
GrupoZ,ijk18,2,Stack,109697,54848,109697,109701,TRUE
GrupoZ,ijk18,109,Stack,109697,54848,109697,109705,TRUE
GrupoZ,ijk19,1,Stack,110838,55419,110838,110838,TRUE
GrupoZ,ijk19,4,Stack,110838,55419,110838,110846,TRUE
GrupoZ,ijk19,109,Stack,110838,55419,110838,110842,TRUE
GrupoZ,ijk20,1,Stack,119814,59907,119814,119814,TRUE
GrupoZ,ijk20,5,Stack,119814,59907,119814,119822,TRUE
GrupoZ,ijk20,109,Stack,119814,59907,119814,119818,TRUE
GrupoZ,ijk21,0,Stack,100914,50457,100914,100914,TRUE
GrupoZ,ijk21,5,Stack,100914,50457,100914,100926,TRUE
GrupoZ,ijk21,108,Stack,100914,50457,100914,100922,TRUE
GrupoZ,ijk21,109,Stack,100914,50457,100914,100918,TRUE
GrupoZ,ijk22,1,Stack,131994,65997,131994,131994,TRUE
GrupoZ,ijk22,6,Stack,131994,65997,131994,132006,TRUE
GrupoZ,ijk22,108,Stack,131994,65997,131994,132002,TRUE
GrupoZ,ijk22,109,Stack,131994,65997,131994,131998,TRUE
GrupoZ,ijk23,0,Stack,109011,54505,109011,109011,TRUE
GrupoZ,ijk23,5,Stack,109011,54505,109011,109023,TRUE
GrupoZ,ijk23,109,Stack,109011,54505,109011,109015,TRUE
GrupoZ,ijk24,1,Stack,101415,50707,101415,101415,TRUE
GrupoZ,ijk24,6,Stack,101415,50707,101415,101427,TRUE
